# Bevy's reflected components, for BevyCSharp.Generator to turn into Bevy.Reflected wrappers.
# Written by `./bcs command schema.dump <path>` against an editor build, which reflects the
# most. Regenerate it after upgrading Bevy, and read its diff as what Bevy changed.
# component <type path> <short name>
# field <type path> <name> <reflect path> <kind> <rust type> <options or asset kind>
# variant <type path> <enum field> <variant> <name> <reflect path> <kind> <rust type> <options or asset kind>
component	bevy_a11y::AccessibilityRequested	AccessibilityRequested
component	bevy_a11y::ManageAccessibilityUpdates	ManageAccessibilityUpdates
field	bevy_a11y::ManageAccessibilityUpdates	0	.0	Bool	bool	
component	bevy_animation::AnimatedBy	AnimatedBy
field	bevy_animation::AnimatedBy	0	.0	Entity	bevy_ecs::entity::Entity	
component	bevy_animation::AnimationPlayer	AnimationPlayer
component	bevy_animation::AnimationTargetId	AnimationTargetId
component	bevy_animation::graph::AnimationGraphHandle	AnimationGraphHandle
component	bevy_animation::transition::AnimationTransitions	AnimationTransitions
field	bevy_animation::transition::AnimationTransitions	main_animation	.main_animation	Enum	Option<NodeIndex>	None,Some
component	bevy_anti_alias::contrast_adaptive_sharpening::ContrastAdaptiveSharpening	ContrastAdaptiveSharpening
field	bevy_anti_alias::contrast_adaptive_sharpening::ContrastAdaptiveSharpening	enabled	.enabled	Bool	bool	
field	bevy_anti_alias::contrast_adaptive_sharpening::ContrastAdaptiveSharpening	sharpening_strength	.sharpening_strength	Float	f32	
field	bevy_anti_alias::contrast_adaptive_sharpening::ContrastAdaptiveSharpening	denoise	.denoise	Bool	bool	
component	bevy_anti_alias::contrast_adaptive_sharpening::DenoiseCas	DenoiseCas
field	bevy_anti_alias::contrast_adaptive_sharpening::DenoiseCas	0	.0	Bool	bool	
component	bevy_anti_alias::fxaa::Fxaa	Fxaa
field	bevy_anti_alias::fxaa::Fxaa	enabled	.enabled	Bool	bool	
field	bevy_anti_alias::fxaa::Fxaa	edge_threshold	.edge_threshold	Enum	Sensitivity	Low,Medium,High,Ultra,Extreme
field	bevy_anti_alias::fxaa::Fxaa	edge_threshold_min	.edge_threshold_min	Enum	Sensitivity	Low,Medium,High,Ultra,Extreme
component	bevy_anti_alias::smaa::Smaa	Smaa
field	bevy_anti_alias::smaa::Smaa	preset	.preset	Enum	SmaaPreset	Low,Medium,High,Ultra
component	bevy_anti_alias::taa::TemporalAntiAliasing	TemporalAntiAliasing
field	bevy_anti_alias::taa::TemporalAntiAliasing	reset	.reset	Bool	bool	
component	bevy_audio::audio::DefaultSpatialScale	DefaultSpatialScale
field	bevy_audio::audio::DefaultSpatialScale	0	.0.0	Vec3	glam::Vec3	
component	bevy_audio::audio::PlaybackSettings	PlaybackSettings
field	bevy_audio::audio::PlaybackSettings	mode	.mode	Enum	PlaybackMode	Once,Loop,Despawn,Remove
field	bevy_audio::audio::PlaybackSettings	volume	.volume	Enum	Volume	Linear,Decibels
variant	bevy_audio::audio::PlaybackSettings	volume	Linear		.volume.0	Float	f32	
variant	bevy_audio::audio::PlaybackSettings	volume	Decibels		.volume.0	Float	f32	
field	bevy_audio::audio::PlaybackSettings	speed	.speed	Float	f32	
field	bevy_audio::audio::PlaybackSettings	paused	.paused	Bool	bool	
field	bevy_audio::audio::PlaybackSettings	muted	.muted	Bool	bool	
field	bevy_audio::audio::PlaybackSettings	spatial	.spatial	Bool	bool	
field	bevy_audio::audio::PlaybackSettings	spatial_scale	.spatial_scale	Enum	Option<SpatialScale>	None,Some
variant	bevy_audio::audio::PlaybackSettings	spatial_scale	Some		.spatial_scale.0.0	Vec3	glam::Vec3	
field	bevy_audio::audio::PlaybackSettings	start_position	.start_position	Enum	Option<Duration>	None,Some
field	bevy_audio::audio::PlaybackSettings	duration	.duration	Enum	Option<Duration>	None,Some
component	bevy_audio::audio::SpatialListener	SpatialListener
field	bevy_audio::audio::SpatialListener	left_ear_offset	.left_ear_offset	Vec3	glam::Vec3	
field	bevy_audio::audio::SpatialListener	right_ear_offset	.right_ear_offset	Vec3	glam::Vec3	
component	bevy_audio::volume::GlobalVolume	GlobalVolume
field	bevy_audio::volume::GlobalVolume	volume	.volume	Enum	Volume	Linear,Decibels
variant	bevy_audio::volume::GlobalVolume	volume	Linear		.volume.0	Float	f32	
variant	bevy_audio::volume::GlobalVolume	volume	Decibels		.volume.0	Float	f32	
component	bevy_camera::camera::Camera	Camera
field	bevy_camera::camera::Camera	viewport	.viewport	Enum	Option<Viewport>	None,Some
variant	bevy_camera::camera::Camera	viewport	Some	physical_position.x	.viewport.0.physical_position.x	Int	u32	
variant	bevy_camera::camera::Camera	viewport	Some	physical_position.y	.viewport.0.physical_position.y	Int	u32	
variant	bevy_camera::camera::Camera	viewport	Some	physical_size.x	.viewport.0.physical_size.x	Int	u32	
variant	bevy_camera::camera::Camera	viewport	Some	physical_size.y	.viewport.0.physical_size.y	Int	u32	
variant	bevy_camera::camera::Camera	viewport	Some	depth	.viewport.0.depth	Vec2	Range<f32>	
field	bevy_camera::camera::Camera	order	.order	Int	isize	
field	bevy_camera::camera::Camera	is_active	.is_active	Bool	bool	
field	bevy_camera::camera::Camera	computed.clip_from_view.x_axis	.computed.clip_from_view.x_axis	Vec4	glam::Vec4	
field	bevy_camera::camera::Camera	computed.clip_from_view.y_axis	.computed.clip_from_view.y_axis	Vec4	glam::Vec4	
field	bevy_camera::camera::Camera	computed.clip_from_view.z_axis	.computed.clip_from_view.z_axis	Vec4	glam::Vec4	
field	bevy_camera::camera::Camera	computed.clip_from_view.w_axis	.computed.clip_from_view.w_axis	Vec4	glam::Vec4	
field	bevy_camera::camera::Camera	computed.target_info	.computed.target_info	Enum	Option<RenderTargetInfo>	None,Some
variant	bevy_camera::camera::Camera	computed.target_info	Some	physical_size.x	.computed.target_info.0.physical_size.x	Int	u32	
variant	bevy_camera::camera::Camera	computed.target_info	Some	physical_size.y	.computed.target_info.0.physical_size.y	Int	u32	
variant	bevy_camera::camera::Camera	computed.target_info	Some	scale_factor	.computed.target_info.0.scale_factor	Float	f32	
field	bevy_camera::camera::Camera	computed.old_viewport_size	.computed.old_viewport_size	Enum	Option<UVec2>	None,Some
variant	bevy_camera::camera::Camera	computed.old_viewport_size	Some	x	.computed.old_viewport_size.0.x	Int	u32	
variant	bevy_camera::camera::Camera	computed.old_viewport_size	Some	y	.computed.old_viewport_size.0.y	Int	u32	
field	bevy_camera::camera::Camera	computed.old_sub_camera_view	.computed.old_sub_camera_view	Enum	Option<SubCameraView>	None,Some
variant	bevy_camera::camera::Camera	computed.old_sub_camera_view	Some	full_size.x	.computed.old_sub_camera_view.0.full_size.x	Int	u32	
variant	bevy_camera::camera::Camera	computed.old_sub_camera_view	Some	full_size.y	.computed.old_sub_camera_view.0.full_size.y	Int	u32	
variant	bevy_camera::camera::Camera	computed.old_sub_camera_view	Some	offset	.computed.old_sub_camera_view.0.offset	Vec2	glam::Vec2	
variant	bevy_camera::camera::Camera	computed.old_sub_camera_view	Some	size.x	.computed.old_sub_camera_view.0.size.x	Int	u32	
variant	bevy_camera::camera::Camera	computed.old_sub_camera_view	Some	size.y	.computed.old_sub_camera_view.0.size.y	Int	u32	
field	bevy_camera::camera::Camera	output_mode	.output_mode	Enum	CameraOutputMode	Write,Skip
variant	bevy_camera::camera::Camera	output_mode	Write	blend_state	.output_mode.blend_state	Enum	Option<BlendState>	None,Some
variant	bevy_camera::camera::Camera	output_mode	Write	clear_color	.output_mode.clear_color	Enum	ClearColorConfig	Default,Custom,None
field	bevy_camera::camera::Camera	msaa_writeback	.msaa_writeback	Enum	MsaaWriteback	Off,Auto,Always
field	bevy_camera::camera::Camera	clear_color	.clear_color	Enum	ClearColorConfig	Default,Custom,None
variant	bevy_camera::camera::Camera	clear_color	Custom		.clear_color.0	Color	Color	
field	bevy_camera::camera::Camera	invert_culling	.invert_culling	Bool	bool	
field	bevy_camera::camera::Camera	sub_camera_view	.sub_camera_view	Enum	Option<SubCameraView>	None,Some
variant	bevy_camera::camera::Camera	sub_camera_view	Some	full_size.x	.sub_camera_view.0.full_size.x	Int	u32	
variant	bevy_camera::camera::Camera	sub_camera_view	Some	full_size.y	.sub_camera_view.0.full_size.y	Int	u32	
variant	bevy_camera::camera::Camera	sub_camera_view	Some	offset	.sub_camera_view.0.offset	Vec2	glam::Vec2	
variant	bevy_camera::camera::Camera	sub_camera_view	Some	size.x	.sub_camera_view.0.size.x	Int	u32	
variant	bevy_camera::camera::Camera	sub_camera_view	Some	size.y	.sub_camera_view.0.size.y	Int	u32	
component	bevy_camera::camera::CameraMainTextureUsages	CameraMainTextureUsages
component	bevy_camera::camera::Exposure	Exposure
component	bevy_camera::camera::MainPassResolutionOverride	MainPassResolutionOverride
field	bevy_camera::camera::MainPassResolutionOverride	0.x	.0.x	Int	u32	
field	bevy_camera::camera::MainPassResolutionOverride	0.y	.0.y	Int	u32	
component	bevy_camera::camera::ManualTextureViewHandle	ManualTextureViewHandle
field	bevy_camera::camera::ManualTextureViewHandle	0	.0	Int	u32	
component	bevy_camera::camera::RenderTarget	RenderTarget
field	bevy_camera::camera::RenderTarget	value		Enum	RenderTarget	Window,Image,TextureView,None
variant	bevy_camera::camera::RenderTarget	value	Window		.0	Enum	WindowRef	Primary,Entity
variant	bevy_camera::camera::RenderTarget	value	Image	handle	.0.handle	Asset	Handle<Image>	Image
variant	bevy_camera::camera::RenderTarget	value	Image	scale_factor	.0.scale_factor	Float	f32	
variant	bevy_camera::camera::RenderTarget	value	TextureView		.0.0	Int	u32	
variant	bevy_camera::camera::RenderTarget	value	None	size.x	.size.x	Int	u32	
variant	bevy_camera::camera::RenderTarget	value	None	size.y	.size.y	Int	u32	
component	bevy_camera::camera::ShadowLodOrigin	ShadowLodOrigin
component	bevy_camera::clear_color::ClearColor	ClearColor
field	bevy_camera::clear_color::ClearColor	0	.0	Color	Color	
component	bevy_camera::components::Camera2d	Camera2d
component	bevy_camera::components::Camera3d	Camera3d
field	bevy_camera::components::Camera3d	depth_load_op	.depth_load_op	Enum	Camera3dDepthLoadOp	Clear,Load
variant	bevy_camera::components::Camera3d	depth_load_op	Clear		.depth_load_op.0	Float	f32	
field	bevy_camera::components::Camera3d	depth_texture_usages	.depth_texture_usages.0	Int	u32	
component	bevy_camera::components::CompositingSpace	CompositingSpace
field	bevy_camera::components::CompositingSpace	value		Enum	CompositingSpace	Srgb,Linear,Oklab
component	bevy_camera::components::Hdr	Hdr
component	bevy_camera::primitives::Aabb	Aabb
field	bevy_camera::primitives::Aabb	center	.center	Vec3	glam::Vec3A	
field	bevy_camera::primitives::Aabb	half_extents	.half_extents	Vec3	glam::Vec3A	
component	bevy_camera::primitives::CascadesFrusta	CascadesFrusta
component	bevy_camera::primitives::CubemapFrusta	CubemapFrusta
component	bevy_camera::primitives::Frustum	Frustum
component	bevy_camera::primitives::Sphere	Sphere
field	bevy_camera::primitives::Sphere	center	.center	Vec3	glam::Vec3A	
field	bevy_camera::primitives::Sphere	radius	.radius	Float	f32	
component	bevy_camera::projection::Projection	Projection
field	bevy_camera::projection::Projection	value		Enum	Projection	Perspective,Orthographic,Custom
variant	bevy_camera::projection::Projection	value	Perspective	fov	.0.fov	Float	f32	
variant	bevy_camera::projection::Projection	value	Perspective	aspect_ratio	.0.aspect_ratio	Float	f32	
variant	bevy_camera::projection::Projection	value	Perspective	near	.0.near	Float	f32	
variant	bevy_camera::projection::Projection	value	Perspective	far	.0.far	Float	f32	
variant	bevy_camera::projection::Projection	value	Perspective	near_clip_plane	.0.near_clip_plane	Vec4	glam::Vec4	
variant	bevy_camera::projection::Projection	value	Orthographic	near	.0.near	Float	f32	
variant	bevy_camera::projection::Projection	value	Orthographic	far	.0.far	Float	f32	
variant	bevy_camera::projection::Projection	value	Orthographic	viewport_origin	.0.viewport_origin	Vec2	glam::Vec2	
variant	bevy_camera::projection::Projection	value	Orthographic	scaling_mode	.0.scaling_mode	Enum	ScalingMode	WindowSize,Fixed,AutoMin,AutoMax,FixedVertical,FixedHorizontal
variant	bevy_camera::projection::Projection	value	Orthographic	scale	.0.scale	Float	f32	
variant	bevy_camera::projection::Projection	value	Orthographic	area.min	.0.area.min	Vec2	glam::Vec2	
variant	bevy_camera::projection::Projection	value	Orthographic	area.max	.0.area.max	Vec2	glam::Vec2	
component	bevy_camera::visibility::CascadesVisibleEntities	CascadesVisibleEntities
component	bevy_camera::visibility::CubemapVisibleEntities	CubemapVisibleEntities
component	bevy_camera::visibility::DynamicSkinnedMeshBounds	DynamicSkinnedMeshBounds
component	bevy_camera::visibility::InheritedVisibility	InheritedVisibility
field	bevy_camera::visibility::InheritedVisibility	0	.0	Bool	bool	
component	bevy_camera::visibility::NoFrustumCulling	NoFrustumCulling
component	bevy_camera::visibility::ViewVisibility	ViewVisibility
field	bevy_camera::visibility::ViewVisibility	0	.0	Int	u8	
component	bevy_camera::visibility::Visibility	Visibility
field	bevy_camera::visibility::Visibility	value		Enum	Visibility	Inherited,Hidden,Visible
component	bevy_camera::visibility::VisibilityClass	VisibilityClass
component	bevy_camera::visibility::VisibleEntities	VisibleEntities
component	bevy_camera::visibility::VisibleMeshEntities	VisibleMeshEntities
component	bevy_camera::visibility::range::VisibilityRange	VisibilityRange
field	bevy_camera::visibility::range::VisibilityRange	start_margin	.start_margin	Vec2	Range<f32>	
field	bevy_camera::visibility::range::VisibilityRange	end_margin	.end_margin	Vec2	Range<f32>	
field	bevy_camera::visibility::range::VisibilityRange	use_aabb	.use_aabb	Bool	bool	
component	bevy_camera::visibility::render_layers::RenderLayers	RenderLayers
field	bevy_camera::visibility::render_layers::RenderLayers	0	.0	List	SmallVec<[u64; 1]>	
component	bevy_core_pipeline::prepass::DeferredPrepass	DeferredPrepass
component	bevy_core_pipeline::prepass::DeferredPrepassDoubleBuffer	DeferredPrepassDoubleBuffer
component	bevy_core_pipeline::prepass::DepthPrepass	DepthPrepass
component	bevy_core_pipeline::prepass::DepthPrepassDoubleBuffer	DepthPrepassDoubleBuffer
component	bevy_core_pipeline::prepass::MotionVectorPrepass	MotionVectorPrepass
component	bevy_core_pipeline::prepass::NormalPrepass	NormalPrepass
component	bevy_core_pipeline::prepass::background_motion_vectors::NoBackgroundMotionVectors	NoBackgroundMotionVectors
component	bevy_core_pipeline::schedule::RootNonCameraView	RootNonCameraView
component	bevy_core_pipeline::tonemapping::DebandDither	DebandDither
field	bevy_core_pipeline::tonemapping::DebandDither	value		Enum	DebandDither	Disabled,Enabled
component	bevy_core_pipeline::tonemapping::Tonemapping	Tonemapping
field	bevy_core_pipeline::tonemapping::Tonemapping	value		Enum	Tonemapping	None,Reinhard,ReinhardLuminance,AcesFitted,AgX,SomewhatBoringDisplayTransform,TonyMcMapface,BlenderFilmic,KhronosPbrNeutral
component	bevy_ecs::entity_disabling::DefaultQueryFilters	DefaultQueryFilters
component	bevy_ecs::entity_disabling::Disabled	Disabled
component	bevy_ecs::hierarchy::ChildOf	ChildOf
field	bevy_ecs::hierarchy::ChildOf	0	.0	Entity	bevy_ecs::entity::Entity	
component	bevy_ecs::hierarchy::Children	Children
field	bevy_ecs::hierarchy::Children	0	.0	List	Vec<Entity>	
component	bevy_ecs::name::Name	Name
component	bevy_ecs::observer::distributed_storage::ObservedBy	ObservedBy
field	bevy_ecs::observer::distributed_storage::ObservedBy	0	.0	List	Vec<Entity>	
component	bevy_ecs::resource::IsResource	IsResource
field	bevy_ecs::resource::IsResource	0	.0.0	Int	usize	
component	bevy_gizmos::aabb::ShowAabbGizmo	ShowAabbGizmo
field	bevy_gizmos::aabb::ShowAabbGizmo	color	.color	Enum	Option<Color>	None,Some
variant	bevy_gizmos::aabb::ShowAabbGizmo	color	Some		.color.0	Color	Color	
component	bevy_gizmos::config::GizmoConfigStore	GizmoConfigStore
component	bevy_gizmos::frustum::ShowFrustumGizmo	ShowFrustumGizmo
field	bevy_gizmos::frustum::ShowFrustumGizmo	color	.color	Enum	Option<Color>	None,Some
variant	bevy_gizmos::frustum::ShowFrustumGizmo	color	Some		.color.0	Color	Color	
component	bevy_gizmos::retained::Gizmo	Gizmo
field	bevy_gizmos::retained::Gizmo	line_config.width	.line_config.width	Float	f32	
field	bevy_gizmos::retained::Gizmo	line_config.perspective	.line_config.perspective	Bool	bool	
field	bevy_gizmos::retained::Gizmo	line_config.style	.line_config.style	Enum	GizmoLineStyle	Solid,Dotted,Dashed
variant	bevy_gizmos::retained::Gizmo	line_config.style	Dashed	gap_scale	.line_config.style.gap_scale	Float	f32	
variant	bevy_gizmos::retained::Gizmo	line_config.style	Dashed	line_scale	.line_config.style.line_scale	Float	f32	
field	bevy_gizmos::retained::Gizmo	line_config.joints	.line_config.joints	Enum	GizmoLineJoint	None,Miter,Round,Bevel
variant	bevy_gizmos::retained::Gizmo	line_config.joints	Round		.line_config.joints.0	Int	u32	
field	bevy_gizmos::retained::Gizmo	depth_bias	.depth_bias	Float	f32	
component	bevy_gizmos::skinned_mesh_bounds::ShowSkinnedMeshBoundsGizmo	ShowSkinnedMeshBoundsGizmo
field	bevy_gizmos::skinned_mesh_bounds::ShowSkinnedMeshBoundsGizmo	color	.color	Enum	Option<Color>	None,Some
variant	bevy_gizmos::skinned_mesh_bounds::ShowSkinnedMeshBoundsGizmo	color	Some		.color.0	Color	Color	
component	bevy_gizmos::transform_gizmo::TransformGizmoCamera	TransformGizmoCamera
component	bevy_gizmos::transform_gizmo::TransformGizmoFocus	TransformGizmoFocus
component	bevy_gizmos::transform_gizmo::TransformGizmoSettings	TransformGizmoSettings
field	bevy_gizmos::transform_gizmo::TransformGizmoSettings	mode	.mode	Enum	TransformGizmoMode	Translate,Rotate,Scale
field	bevy_gizmos::transform_gizmo::TransformGizmoSettings	space	.space	Enum	TransformGizmoSpace	World,Local
field	bevy_gizmos::transform_gizmo::TransformGizmoSettings	axis_length	.axis_length	Float	f32	
field	bevy_gizmos::transform_gizmo::TransformGizmoSettings	rotate_ring_radius	.rotate_ring_radius	Float	f32	
field	bevy_gizmos::transform_gizmo::TransformGizmoSettings	axis_hit_distance	.axis_hit_distance	Float	f32	
field	bevy_gizmos::transform_gizmo::TransformGizmoSettings	snap_translate	.snap_translate	Enum	Option<f32>	None,Some
variant	bevy_gizmos::transform_gizmo::TransformGizmoSettings	snap_translate	Some		.snap_translate.0	Float	f32	
field	bevy_gizmos::transform_gizmo::TransformGizmoSettings	snap_rotate	.snap_rotate	Enum	Option<f32>	None,Some
variant	bevy_gizmos::transform_gizmo::TransformGizmoSettings	snap_rotate	Some		.snap_rotate.0	Float	f32	
field	bevy_gizmos::transform_gizmo::TransformGizmoSettings	snap_scale	.snap_scale	Enum	Option<f32>	None,Some
variant	bevy_gizmos::transform_gizmo::TransformGizmoSettings	snap_scale	Some		.snap_scale.0	Float	f32	
field	bevy_gizmos::transform_gizmo::TransformGizmoSettings	confine_cursor	.confine_cursor	Bool	bool	
field	bevy_gizmos::transform_gizmo::TransformGizmoSettings	screen_scale_factor	.screen_scale_factor	Float	f32	
component	bevy_gizmos::transform_gizmo::TransformGizmoState	TransformGizmoState
field	bevy_gizmos::transform_gizmo::TransformGizmoState	hovered_axis	.hovered_axis	Enum	Option<TransformGizmoAxis>	None,Some
variant	bevy_gizmos::transform_gizmo::TransformGizmoState	hovered_axis	Some		.hovered_axis.0	Enum	TransformGizmoAxis	X,Y,Z,View
field	bevy_gizmos::transform_gizmo::TransformGizmoState	active	.active	Bool	bool	
field	bevy_gizmos::transform_gizmo::TransformGizmoState	axis	.axis	Enum	Option<TransformGizmoAxis>	None,Some
variant	bevy_gizmos::transform_gizmo::TransformGizmoState	axis	Some		.axis.0	Enum	TransformGizmoAxis	X,Y,Z,View
field	bevy_gizmos::transform_gizmo::TransformGizmoState	start_transform.translation	.start_transform.translation	Vec3	glam::Vec3	
field	bevy_gizmos::transform_gizmo::TransformGizmoState	start_transform.rotation	.start_transform.rotation	Quat	glam::Quat	
field	bevy_gizmos::transform_gizmo::TransformGizmoState	start_transform.scale	.start_transform.scale	Vec3	glam::Vec3	
field	bevy_gizmos::transform_gizmo::TransformGizmoState	entity	.entity	Enum	Option<Entity>	None,Some
variant	bevy_gizmos::transform_gizmo::TransformGizmoState	entity	Some		.entity.0	Entity	bevy_ecs::entity::Entity	
field	bevy_gizmos::transform_gizmo::TransformGizmoState	drag_start_world	.drag_start_world	Vec3	glam::Vec3	
field	bevy_gizmos::transform_gizmo::TransformGizmoState	gizmo_origin	.gizmo_origin	Vec3	glam::Vec3	
component	bevy_gizmos_render::LineGizmoEntities	LineGizmoEntities
field	bevy_gizmos_render::LineGizmoEntities	line_gizmo_renderer	.line_gizmo_renderer.0	Entity	bevy_ecs::entity::Entity	
field	bevy_gizmos_render::LineGizmoEntities	line_strip_gizmo_renderer	.line_strip_gizmo_renderer.0	Entity	bevy_ecs::entity::Entity	
field	bevy_gizmos_render::LineGizmoEntities	line_joint_gizmo_renderer	.line_joint_gizmo_renderer.0	Entity	bevy_ecs::entity::Entity	
component	bevy_gltf::assets::GltfExtras	GltfExtras
field	bevy_gltf::assets::GltfExtras	value	.value	String	alloc::string::String	
component	bevy_gltf::assets::GltfMaterialExtras	GltfMaterialExtras
field	bevy_gltf::assets::GltfMaterialExtras	value	.value	String	alloc::string::String	
component	bevy_gltf::assets::GltfMaterialName	GltfMaterialName
field	bevy_gltf::assets::GltfMaterialName	0	.0	String	alloc::string::String	
component	bevy_gltf::assets::GltfMeshExtras	GltfMeshExtras
field	bevy_gltf::assets::GltfMeshExtras	value	.value	String	alloc::string::String	
component	bevy_gltf::assets::GltfMeshName	GltfMeshName
field	bevy_gltf::assets::GltfMeshName	0	.0	String	alloc::string::String	
component	bevy_gltf::assets::GltfSceneExtras	GltfSceneExtras
field	bevy_gltf::assets::GltfSceneExtras	value	.value	String	alloc::string::String	
component	bevy_gltf::assets::GltfSceneName	GltfSceneName
field	bevy_gltf::assets::GltfSceneName	0	.0	String	alloc::string::String	
component	bevy_input::button_input::ButtonInput<bevy_input::gamepad::GamepadButton>	ButtonInput<GamepadButton>
component	bevy_input::gamepad::Gamepad	Gamepad
field	bevy_input::gamepad::Gamepad	vendor_id	.vendor_id	Enum	Option<u16>	None,Some
variant	bevy_input::gamepad::Gamepad	vendor_id	Some		.vendor_id.0	Int	u16	
field	bevy_input::gamepad::Gamepad	product_id	.product_id	Enum	Option<u16>	None,Some
variant	bevy_input::gamepad::Gamepad	product_id	Some		.product_id.0	Int	u16	
component	bevy_input::gamepad::GamepadSettings	GamepadSettings
field	bevy_input::gamepad::GamepadSettings	default_button_settings.press_threshold	.default_button_settings.press_threshold	Float	f32	
field	bevy_input::gamepad::GamepadSettings	default_button_settings.release_threshold	.default_button_settings.release_threshold	Float	f32	
field	bevy_input::gamepad::GamepadSettings	default_axis_settings.livezone_upperbound	.default_axis_settings.livezone_upperbound	Float	f32	
field	bevy_input::gamepad::GamepadSettings	default_axis_settings.deadzone_upperbound	.default_axis_settings.deadzone_upperbound	Float	f32	
field	bevy_input::gamepad::GamepadSettings	default_axis_settings.deadzone_lowerbound	.default_axis_settings.deadzone_lowerbound	Float	f32	
field	bevy_input::gamepad::GamepadSettings	default_axis_settings.livezone_lowerbound	.default_axis_settings.livezone_lowerbound	Float	f32	
field	bevy_input::gamepad::GamepadSettings	default_axis_settings.threshold	.default_axis_settings.threshold	Float	f32	
field	bevy_input::gamepad::GamepadSettings	default_button_axis_settings.high	.default_button_axis_settings.high	Float	f32	
field	bevy_input::gamepad::GamepadSettings	default_button_axis_settings.low	.default_button_axis_settings.low	Float	f32	
field	bevy_input::gamepad::GamepadSettings	default_button_axis_settings.threshold	.default_button_axis_settings.threshold	Float	f32	
component	bevy_input::mouse::AccumulatedMouseMotion	AccumulatedMouseMotion
field	bevy_input::mouse::AccumulatedMouseMotion	delta	.delta	Vec2	glam::Vec2	
component	bevy_input::mouse::AccumulatedMouseScroll	AccumulatedMouseScroll
field	bevy_input::mouse::AccumulatedMouseScroll	unit	.unit	Enum	MouseScrollUnit	Line,Pixel
field	bevy_input::mouse::AccumulatedMouseScroll	delta	.delta	Vec2	glam::Vec2	
component	bevy_input_focus::InputFocus	InputFocus
field	bevy_input_focus::InputFocus	current_focus	.current_focus	Enum	Option<Entity>	None,Some
variant	bevy_input_focus::InputFocus	current_focus	Some		.current_focus.0	Entity	bevy_ecs::entity::Entity	
field	bevy_input_focus::InputFocus	original_focus	.original_focus	Enum	Option<Entity>	None,Some
variant	bevy_input_focus::InputFocus	original_focus	Some		.original_focus.0	Entity	bevy_ecs::entity::Entity	
component	bevy_input_focus::InputFocusVisible	InputFocusVisible
field	bevy_input_focus::InputFocusVisible	0	.0	Bool	bool	
component	bevy_input_focus::autofocus::AutoFocus	AutoFocus
component	bevy_input_focus::directional_navigation::AutoNavigationConfig	AutoNavigationConfig
field	bevy_input_focus::directional_navigation::AutoNavigationConfig	min_alignment_factor	.min_alignment_factor	Float	f32	
field	bevy_input_focus::directional_navigation::AutoNavigationConfig	max_search_distance	.max_search_distance	Enum	Option<f32>	None,Some
variant	bevy_input_focus::directional_navigation::AutoNavigationConfig	max_search_distance	Some		.max_search_distance.0	Float	f32	
field	bevy_input_focus::directional_navigation::AutoNavigationConfig	prefer_aligned	.prefer_aligned	Bool	bool	
component	bevy_input_focus::directional_navigation::DirectionalNavigationMap	DirectionalNavigationMap
component	bevy_input_focus::tab_navigation::TabGroup	TabGroup
field	bevy_input_focus::tab_navigation::TabGroup	order	.order	Int	i32	
field	bevy_input_focus::tab_navigation::TabGroup	modal	.modal	Bool	bool	
component	bevy_input_focus::tab_navigation::TabIndex	TabIndex
field	bevy_input_focus::tab_navigation::TabIndex	0	.0	Int	i32	
component	bevy_light::NotShadowCaster	NotShadowCaster
component	bevy_light::NotShadowReceiver	NotShadowReceiver
component	bevy_light::ShadowFilteringMethod	ShadowFilteringMethod
field	bevy_light::ShadowFilteringMethod	value		Enum	ShadowFilteringMethod	Hardware2x2,Gaussian,Temporal
component	bevy_light::TransmittedShadowReceiver	TransmittedShadowReceiver
component	bevy_light::ambient_light::AmbientLight	AmbientLight
field	bevy_light::ambient_light::AmbientLight	color	.color	Color	Color	
field	bevy_light::ambient_light::AmbientLight	brightness	.brightness	Float	f32	
field	bevy_light::ambient_light::AmbientLight	affects_lightmapped_meshes	.affects_lightmapped_meshes	Bool	bool	
component	bevy_light::ambient_light::GlobalAmbientLight	GlobalAmbientLight
field	bevy_light::ambient_light::GlobalAmbientLight	color	.color	Color	Color	
field	bevy_light::ambient_light::GlobalAmbientLight	brightness	.brightness	Float	f32	
field	bevy_light::ambient_light::GlobalAmbientLight	affects_lightmapped_meshes	.affects_lightmapped_meshes	Bool	bool	
component	bevy_light::cascade::CascadeShadowConfig	CascadeShadowConfig
field	bevy_light::cascade::CascadeShadowConfig	bounds	.bounds	List	Vec<f32>	
field	bevy_light::cascade::CascadeShadowConfig	overlap_proportion	.overlap_proportion	Float	f32	
field	bevy_light::cascade::CascadeShadowConfig	minimum_distance	.minimum_distance	Float	f32	
component	bevy_light::cascade::Cascades	Cascades
component	bevy_light::cluster::ClusterConfig	ClusterConfig
field	bevy_light::cluster::ClusterConfig	value		Enum	ClusterConfig	None,Single,XYZ,FixedZ
variant	bevy_light::cluster::ClusterConfig	value	XYZ	dimensions.x	.dimensions.x	Int	u32	
variant	bevy_light::cluster::ClusterConfig	value	XYZ	dimensions.y	.dimensions.y	Int	u32	
variant	bevy_light::cluster::ClusterConfig	value	XYZ	dimensions.z	.dimensions.z	Int	u32	
variant	bevy_light::cluster::ClusterConfig	value	XYZ	z_config.first_slice_depth	.z_config.first_slice_depth	Float	f32	
variant	bevy_light::cluster::ClusterConfig	value	XYZ	z_config.far_z_mode	.z_config.far_z_mode	Enum	ClusterFarZMode	MaxClusterableObjectRange,Constant
variant	bevy_light::cluster::ClusterConfig	value	XYZ	dynamic_resizing	.dynamic_resizing	Bool	bool	
variant	bevy_light::cluster::ClusterConfig	value	FixedZ	total	.total	Int	u32	
variant	bevy_light::cluster::ClusterConfig	value	FixedZ	z_slices	.z_slices	Int	u32	
variant	bevy_light::cluster::ClusterConfig	value	FixedZ	z_config.first_slice_depth	.z_config.first_slice_depth	Float	f32	
variant	bevy_light::cluster::ClusterConfig	value	FixedZ	z_config.far_z_mode	.z_config.far_z_mode	Enum	ClusterFarZMode	MaxClusterableObjectRange,Constant
variant	bevy_light::cluster::ClusterConfig	value	FixedZ	dynamic_resizing	.dynamic_resizing	Bool	bool	
component	bevy_light::cluster::ClusteredDecal	ClusteredDecal
field	bevy_light::cluster::ClusteredDecal	base_color_texture	.base_color_texture	Enum	Option<Handle<Image>>	None,Some
variant	bevy_light::cluster::ClusteredDecal	base_color_texture	Some		.base_color_texture.0	Asset	Handle<Image>	Image
field	bevy_light::cluster::ClusteredDecal	normal_map_texture	.normal_map_texture	Enum	Option<Handle<Image>>	None,Some
variant	bevy_light::cluster::ClusteredDecal	normal_map_texture	Some		.normal_map_texture.0	Asset	Handle<Image>	Image
field	bevy_light::cluster::ClusteredDecal	metallic_roughness_texture	.metallic_roughness_texture	Enum	Option<Handle<Image>>	None,Some
variant	bevy_light::cluster::ClusteredDecal	metallic_roughness_texture	Some		.metallic_roughness_texture.0	Asset	Handle<Image>	Image
field	bevy_light::cluster::ClusteredDecal	emissive_texture	.emissive_texture	Enum	Option<Handle<Image>>	None,Some
variant	bevy_light::cluster::ClusteredDecal	emissive_texture	Some		.emissive_texture.0	Asset	Handle<Image>	Image
field	bevy_light::cluster::ClusteredDecal	tag	.tag	Int	u32	
component	bevy_light::directional_light::DirectionalLight	DirectionalLight
field	bevy_light::directional_light::DirectionalLight	color	.color	Color	Color	
field	bevy_light::directional_light::DirectionalLight	illuminance	.illuminance	Float	f32	
field	bevy_light::directional_light::DirectionalLight	shadow_maps_enabled	.shadow_maps_enabled	Bool	bool	
field	bevy_light::directional_light::DirectionalLight	contact_shadows_enabled	.contact_shadows_enabled	Bool	bool	
field	bevy_light::directional_light::DirectionalLight	soft_shadow_size	.soft_shadow_size	Enum	Option<f32>	None,Some
variant	bevy_light::directional_light::DirectionalLight	soft_shadow_size	Some		.soft_shadow_size.0	Float	f32	
field	bevy_light::directional_light::DirectionalLight	affects_lightmapped_mesh_diffuse	.affects_lightmapped_mesh_diffuse	Bool	bool	
field	bevy_light::directional_light::DirectionalLight	shadow_depth_bias	.shadow_depth_bias	Float	f32	
field	bevy_light::directional_light::DirectionalLight	shadow_normal_bias	.shadow_normal_bias	Float	f32	
component	bevy_light::directional_light::DirectionalLightShadowMap	DirectionalLightShadowMap
field	bevy_light::directional_light::DirectionalLightShadowMap	size	.size	Int	usize	
component	bevy_light::directional_light::DirectionalLightTexture	DirectionalLightTexture
field	bevy_light::directional_light::DirectionalLightTexture	image	.image	Asset	Handle<Image>	Image
field	bevy_light::directional_light::DirectionalLightTexture	tiled	.tiled	Bool	bool	
component	bevy_light::gizmos::ShowLightGizmo	ShowLightGizmo
field	bevy_light::gizmos::ShowLightGizmo	color	.color	Enum	Option<LightGizmoColor>	None,Some
variant	bevy_light::gizmos::ShowLightGizmo	color	Some		.color.0	Enum	LightGizmoColor	Manual,Varied,MatchLightColor,ByLightType
component	bevy_light::point_light::PointLight	PointLight
field	bevy_light::point_light::PointLight	color	.color	Color	Color	
field	bevy_light::point_light::PointLight	intensity	.intensity	Float	f32	
field	bevy_light::point_light::PointLight	range	.range	Float	f32	
field	bevy_light::point_light::PointLight	radius	.radius	Float	f32	
field	bevy_light::point_light::PointLight	shadow_maps_enabled	.shadow_maps_enabled	Bool	bool	
field	bevy_light::point_light::PointLight	contact_shadows_enabled	.contact_shadows_enabled	Bool	bool	
field	bevy_light::point_light::PointLight	soft_shadows_enabled	.soft_shadows_enabled	Bool	bool	
field	bevy_light::point_light::PointLight	affects_lightmapped_mesh_diffuse	.affects_lightmapped_mesh_diffuse	Bool	bool	
field	bevy_light::point_light::PointLight	shadow_depth_bias	.shadow_depth_bias	Float	f32	
field	bevy_light::point_light::PointLight	shadow_normal_bias	.shadow_normal_bias	Float	f32	
field	bevy_light::point_light::PointLight	shadow_map_near_z	.shadow_map_near_z	Float	f32	
component	bevy_light::point_light::PointLightShadowMap	PointLightShadowMap
field	bevy_light::point_light::PointLightShadowMap	size	.size	Int	usize	
component	bevy_light::point_light::PointLightTexture	PointLightTexture
field	bevy_light::point_light::PointLightTexture	image	.image	Asset	Handle<Image>	Image
field	bevy_light::point_light::PointLightTexture	cubemap_layout	.cubemap_layout	Enum	CubemapLayout	CrossVertical,CrossHorizontal,SequenceVertical,SequenceHorizontal
component	bevy_light::probe::EnvironmentMapLight	EnvironmentMapLight
field	bevy_light::probe::EnvironmentMapLight	diffuse_map	.diffuse_map	Asset	Handle<Image>	Image
field	bevy_light::probe::EnvironmentMapLight	specular_map	.specular_map	Asset	Handle<Image>	Image
field	bevy_light::probe::EnvironmentMapLight	intensity	.intensity	Float	f32	
field	bevy_light::probe::EnvironmentMapLight	rotation	.rotation	Quat	glam::Quat	
field	bevy_light::probe::EnvironmentMapLight	affects_lightmapped_mesh_diffuse	.affects_lightmapped_mesh_diffuse	Bool	bool	
component	bevy_light::probe::GeneratedEnvironmentMapLight	GeneratedEnvironmentMapLight
field	bevy_light::probe::GeneratedEnvironmentMapLight	environment_map	.environment_map	Asset	Handle<Image>	Image
field	bevy_light::probe::GeneratedEnvironmentMapLight	intensity	.intensity	Float	f32	
field	bevy_light::probe::GeneratedEnvironmentMapLight	rotation	.rotation	Quat	glam::Quat	
field	bevy_light::probe::GeneratedEnvironmentMapLight	affects_lightmapped_mesh_diffuse	.affects_lightmapped_mesh_diffuse	Bool	bool	
component	bevy_light::probe::IrradianceVolume	IrradianceVolume
field	bevy_light::probe::IrradianceVolume	voxels	.voxels	Asset	Handle<Image>	Image
field	bevy_light::probe::IrradianceVolume	intensity	.intensity	Float	f32	
field	bevy_light::probe::IrradianceVolume	affects_lightmapped_meshes	.affects_lightmapped_meshes	Bool	bool	
component	bevy_light::probe::LightProbe	LightProbe
field	bevy_light::probe::LightProbe	falloff	.falloff	Vec3	glam::Vec3	
component	bevy_light::probe::ParallaxCorrection	ParallaxCorrection
field	bevy_light::probe::ParallaxCorrection	value		Enum	ParallaxCorrection	None,Auto,Custom
variant	bevy_light::probe::ParallaxCorrection	value	Custom		.0	Vec3	glam::Vec3	
component	bevy_light::probe::Skybox	Skybox
field	bevy_light::probe::Skybox	image	.image	Enum	Option<Handle<Image>>	None,Some
variant	bevy_light::probe::Skybox	image	Some		.image.0	Asset	Handle<Image>	Image
field	bevy_light::probe::Skybox	brightness	.brightness	Float	f32	
field	bevy_light::probe::Skybox	rotation	.rotation	Quat	glam::Quat	
component	bevy_light::rect_light::RectLight	RectLight
field	bevy_light::rect_light::RectLight	color	.color	Color	Color	
field	bevy_light::rect_light::RectLight	intensity	.intensity	Float	f32	
field	bevy_light::rect_light::RectLight	range	.range	Float	f32	
field	bevy_light::rect_light::RectLight	width	.width	Float	f32	
field	bevy_light::rect_light::RectLight	height	.height	Float	f32	
component	bevy_light::spot_light::SpotLight	SpotLight
field	bevy_light::spot_light::SpotLight	color	.color	Color	Color	
field	bevy_light::spot_light::SpotLight	intensity	.intensity	Float	f32	
field	bevy_light::spot_light::SpotLight	range	.range	Float	f32	
field	bevy_light::spot_light::SpotLight	radius	.radius	Float	f32	
field	bevy_light::spot_light::SpotLight	shadow_maps_enabled	.shadow_maps_enabled	Bool	bool	
field	bevy_light::spot_light::SpotLight	contact_shadows_enabled	.contact_shadows_enabled	Bool	bool	
field	bevy_light::spot_light::SpotLight	soft_shadows_enabled	.soft_shadows_enabled	Bool	bool	
field	bevy_light::spot_light::SpotLight	affects_lightmapped_mesh_diffuse	.affects_lightmapped_mesh_diffuse	Bool	bool	
field	bevy_light::spot_light::SpotLight	shadow_depth_bias	.shadow_depth_bias	Float	f32	
field	bevy_light::spot_light::SpotLight	shadow_normal_bias	.shadow_normal_bias	Float	f32	
field	bevy_light::spot_light::SpotLight	shadow_map_near_z	.shadow_map_near_z	Float	f32	
field	bevy_light::spot_light::SpotLight	outer_angle	.outer_angle	Float	f32	
field	bevy_light::spot_light::SpotLight	inner_angle	.inner_angle	Float	f32	
component	bevy_light::spot_light::SpotLightTexture	SpotLightTexture
field	bevy_light::spot_light::SpotLightTexture	image	.image	Asset	Handle<Image>	Image
component	bevy_light::volumetric::FogVolume	FogVolume
field	bevy_light::volumetric::FogVolume	fog_color	.fog_color	Color	Color	
field	bevy_light::volumetric::FogVolume	density_factor	.density_factor	Float	f32	
field	bevy_light::volumetric::FogVolume	density_texture	.density_texture	Enum	Option<Handle<Image>>	None,Some
variant	bevy_light::volumetric::FogVolume	density_texture	Some		.density_texture.0	Asset	Handle<Image>	Image
field	bevy_light::volumetric::FogVolume	density_texture_offset	.density_texture_offset	Vec3	glam::Vec3	
field	bevy_light::volumetric::FogVolume	absorption	.absorption	Float	f32	
field	bevy_light::volumetric::FogVolume	scattering	.scattering	Float	f32	
field	bevy_light::volumetric::FogVolume	scattering_asymmetry	.scattering_asymmetry	Float	f32	
field	bevy_light::volumetric::FogVolume	light_tint	.light_tint	Color	Color	
field	bevy_light::volumetric::FogVolume	light_intensity	.light_intensity	Float	f32	
component	bevy_light::volumetric::VolumetricFog	VolumetricFog
field	bevy_light::volumetric::VolumetricFog	ambient_color	.ambient_color	Color	Color	
field	bevy_light::volumetric::VolumetricFog	ambient_intensity	.ambient_intensity	Float	f32	
field	bevy_light::volumetric::VolumetricFog	jitter	.jitter	Float	f32	
field	bevy_light::volumetric::VolumetricFog	step_count	.step_count	Int	u32	
component	bevy_light::volumetric::VolumetricLight	VolumetricLight
component	bevy_mesh::components::Mesh2d	Mesh2d
field	bevy_mesh::components::Mesh2d	0	.0	Asset	Handle<Mesh>	Mesh
component	bevy_mesh::components::Mesh3d	Mesh3d
field	bevy_mesh::components::Mesh3d	0	.0	Asset	Handle<Mesh>	Mesh
component	bevy_mesh::components::MeshTag	MeshTag
field	bevy_mesh::components::MeshTag	0	.0	Int	u32	
component	bevy_mesh::morph::MeshMorphWeights	MeshMorphWeights
field	bevy_mesh::morph::MeshMorphWeights	value		Enum	MeshMorphWeights	Value,Reference
variant	bevy_mesh::morph::MeshMorphWeights	value	Value	weights	.weights	List	Vec<f32>	
variant	bevy_mesh::morph::MeshMorphWeights	value	Reference		.0	Entity	bevy_ecs::entity::Entity	
component	bevy_mesh::morph::MorphWeights	MorphWeights
field	bevy_mesh::morph::MorphWeights	weights	.weights	List	Vec<f32>	
field	bevy_mesh::morph::MorphWeights	first_mesh	.first_mesh	Enum	Option<Handle<Mesh>>	None,Some
variant	bevy_mesh::morph::MorphWeights	first_mesh	Some		.first_mesh.0	Asset	Handle<Mesh>	Mesh
component	bevy_mesh::skinning::SkinnedMesh	SkinnedMesh
field	bevy_mesh::skinning::SkinnedMesh	joints	.joints	List	Vec<Entity>	
component	bevy_pbr::contact_shadows::ContactShadows	ContactShadows
field	bevy_pbr::contact_shadows::ContactShadows	linear_steps	.linear_steps	Int	u32	
field	bevy_pbr::contact_shadows::ContactShadows	thickness	.thickness	Float	f32	
field	bevy_pbr::contact_shadows::ContactShadows	length	.length	Float	f32	
component	bevy_pbr::fog::DistanceFog	DistanceFog
field	bevy_pbr::fog::DistanceFog	color	.color	Color	Color	
field	bevy_pbr::fog::DistanceFog	directional_light_color	.directional_light_color	Color	Color	
field	bevy_pbr::fog::DistanceFog	directional_light_exponent	.directional_light_exponent	Float	f32	
field	bevy_pbr::fog::DistanceFog	falloff	.falloff	Enum	FogFalloff	Linear,Exponential,ExponentialSquared,Atmospheric
variant	bevy_pbr::fog::DistanceFog	falloff	Linear	start	.falloff.start	Float	f32	
variant	bevy_pbr::fog::DistanceFog	falloff	Linear	end	.falloff.end	Float	f32	
variant	bevy_pbr::fog::DistanceFog	falloff	Exponential	density	.falloff.density	Float	f32	
variant	bevy_pbr::fog::DistanceFog	falloff	ExponentialSquared	density	.falloff.density	Float	f32	
variant	bevy_pbr::fog::DistanceFog	falloff	Atmospheric	extinction	.falloff.extinction	Vec3	glam::Vec3	
variant	bevy_pbr::fog::DistanceFog	falloff	Atmospheric	inscattering	.falloff.inscattering	Vec3	glam::Vec3	
component	bevy_pbr::lightmap::Lightmap	Lightmap
field	bevy_pbr::lightmap::Lightmap	image	.image	Asset	Handle<Image>	Image
field	bevy_pbr::lightmap::Lightmap	uv_rect.min	.uv_rect.min	Vec2	glam::Vec2	
field	bevy_pbr::lightmap::Lightmap	uv_rect.max	.uv_rect.max	Vec2	glam::Vec2	
field	bevy_pbr::lightmap::Lightmap	bicubic_sampling	.bicubic_sampling	Bool	bool	
component	bevy_pbr::material::DefaultOpaqueRendererMethod	DefaultOpaqueRendererMethod
field	bevy_pbr::material::DefaultOpaqueRendererMethod	0	.0	Enum	OpaqueRendererMethod	Forward,Deferred,Auto
component	bevy_pbr::mesh_material::MeshMaterial3d<bevy_pbr::extended_material::ExtendedMaterial<bevy_pbr::pbr_material::StandardMaterial, bevy_pbr::decal::forward::ForwardDecalMaterialExt>>	MeshMaterial3d<ExtendedMaterial<StandardMaterial, ForwardDecalMaterialExt>>
component	bevy_pbr::mesh_material::MeshMaterial3d<bevy_pbr::pbr_material::StandardMaterial>	MeshMaterial3d<StandardMaterial>
field	bevy_pbr::mesh_material::MeshMaterial3d<bevy_pbr::pbr_material::StandardMaterial>	0	.0	Asset	Handle<StandardMaterial>	StandardMaterial
component	bevy_pbr::ssao::ScreenSpaceAmbientOcclusion	ScreenSpaceAmbientOcclusion
field	bevy_pbr::ssao::ScreenSpaceAmbientOcclusion	quality_level	.quality_level	Enum	ScreenSpaceAmbientOcclusionQualityLevel	Low,Medium,High,Ultra,Custom
variant	bevy_pbr::ssao::ScreenSpaceAmbientOcclusion	quality_level	Custom	slice_count	.quality_level.slice_count	Int	u32	
variant	bevy_pbr::ssao::ScreenSpaceAmbientOcclusion	quality_level	Custom	samples_per_slice_side	.quality_level.samples_per_slice_side	Int	u32	
field	bevy_pbr::ssao::ScreenSpaceAmbientOcclusion	constant_object_thickness	.constant_object_thickness	Float	f32	
component	bevy_pbr::ssr::ScreenSpaceReflections	ScreenSpaceReflections
field	bevy_pbr::ssr::ScreenSpaceReflections	min_perceptual_roughness	.min_perceptual_roughness	Vec2	Range<f32>	
field	bevy_pbr::ssr::ScreenSpaceReflections	max_perceptual_roughness	.max_perceptual_roughness	Vec2	Range<f32>	
field	bevy_pbr::ssr::ScreenSpaceReflections	thickness	.thickness	Float	f32	
field	bevy_pbr::ssr::ScreenSpaceReflections	linear_steps	.linear_steps	Int	u32	
field	bevy_pbr::ssr::ScreenSpaceReflections	linear_march_exponent	.linear_march_exponent	Float	f32	
field	bevy_pbr::ssr::ScreenSpaceReflections	edge_fadeout	.edge_fadeout	Vec2	Range<f32>	
field	bevy_pbr::ssr::ScreenSpaceReflections	bisection_steps	.bisection_steps	Int	u32	
field	bevy_pbr::ssr::ScreenSpaceReflections	use_secant	.use_secant	Bool	bool	
component	bevy_pbr::transmission::ScreenSpaceTransmission	ScreenSpaceTransmission
field	bevy_pbr::transmission::ScreenSpaceTransmission	steps	.steps	Int	usize	
field	bevy_pbr::transmission::ScreenSpaceTransmission	quality	.quality	Enum	ScreenSpaceTransmissionQuality	Low,Medium,High,Ultra
component	bevy_pbr::wireframe::Mesh3dWireframe	Mesh3dWireframe
component	bevy_pbr::wireframe::NoWireframe	NoWireframe
component	bevy_pbr::wireframe::Wireframe	Wireframe
component	bevy_pbr::wireframe::WireframeColor	WireframeColor
field	bevy_pbr::wireframe::WireframeColor	color	.color	Color	Color	
component	bevy_pbr::wireframe::WireframeConfig	WireframeConfig
field	bevy_pbr::wireframe::WireframeConfig	global	.global	Bool	bool	
field	bevy_pbr::wireframe::WireframeConfig	default_color	.default_color	Color	Color	
field	bevy_pbr::wireframe::WireframeConfig	default_line_width	.default_line_width	Float	f32	
field	bevy_pbr::wireframe::WireframeConfig	default_topology	.default_topology	Enum	WireframeTopology	Triangles,Quads
component	bevy_pbr::wireframe::WireframeLineWidth	WireframeLineWidth
field	bevy_pbr::wireframe::WireframeLineWidth	width	.width	Float	f32	
component	bevy_pbr::wireframe::WireframeTopology	WireframeTopology
field	bevy_pbr::wireframe::WireframeTopology	value		Enum	WireframeTopology	Triangles,Quads
component	bevy_picking::Pickable	Pickable
field	bevy_picking::Pickable	should_block_lower	.should_block_lower	Bool	bool	
field	bevy_picking::Pickable	is_hoverable	.is_hoverable	Bool	bool	
component	bevy_picking::PickingSettings	PickingSettings
field	bevy_picking::PickingSettings	is_enabled	.is_enabled	Bool	bool	
field	bevy_picking::PickingSettings	is_input_enabled	.is_input_enabled	Bool	bool	
field	bevy_picking::PickingSettings	is_hover_enabled	.is_hover_enabled	Bool	bool	
field	bevy_picking::PickingSettings	is_window_picking_enabled	.is_window_picking_enabled	Bool	bool	
component	bevy_picking::hover::DirectlyHovered	DirectlyHovered
field	bevy_picking::hover::DirectlyHovered	0	.0	Bool	bool	
component	bevy_picking::hover::Hovered	Hovered
field	bevy_picking::hover::Hovered	0	.0	Bool	bool	
component	bevy_picking::hover::PickingInteraction	PickingInteraction
field	bevy_picking::hover::PickingInteraction	value		Enum	PickingInteraction	Pressed,Hovered,None
component	bevy_picking::input::PointerInputSettings	PointerInputSettings
field	bevy_picking::input::PointerInputSettings	is_touch_enabled	.is_touch_enabled	Bool	bool	
field	bevy_picking::input::PointerInputSettings	is_mouse_enabled	.is_mouse_enabled	Bool	bool	
component	bevy_picking::mesh_picking::MeshPickingCamera	MeshPickingCamera
component	bevy_picking::mesh_picking::MeshPickingSettings	MeshPickingSettings
field	bevy_picking::mesh_picking::MeshPickingSettings	require_markers	.require_markers	Bool	bool	
field	bevy_picking::mesh_picking::MeshPickingSettings	ray_cast_visibility	.ray_cast_visibility	Enum	RayCastVisibility	Any,Visible,VisibleInView
component	bevy_picking::mesh_picking::ray_cast::RayCastBackfaces	RayCastBackfaces
component	bevy_picking::mesh_picking::ray_cast::SimplifiedMesh	SimplifiedMesh
field	bevy_picking::mesh_picking::ray_cast::SimplifiedMesh	0	.0	Asset	Handle<Mesh>	Mesh
component	bevy_picking::pointer::PointerId	PointerId
field	bevy_picking::pointer::PointerId	value		Enum	PointerId	Mouse,Touch,Custom
variant	bevy_picking::pointer::PointerId	value	Touch		.0	Int	u64	
component	bevy_picking::pointer::PointerInteraction	PointerInteraction
component	bevy_picking::pointer::PointerLocation	PointerLocation
component	bevy_picking::pointer::PointerPress	PointerPress
field	bevy_picking::pointer::PointerPress	primary	.primary	Bool	bool	
field	bevy_picking::pointer::PointerPress	secondary	.secondary	Bool	bool	
field	bevy_picking::pointer::PointerPress	middle	.middle	Bool	bool	
component	bevy_post_process::auto_exposure::settings::AutoExposure	AutoExposure
field	bevy_post_process::auto_exposure::settings::AutoExposure	speed_brighten	.speed_brighten	Float	f32	
field	bevy_post_process::auto_exposure::settings::AutoExposure	speed_darken	.speed_darken	Float	f32	
field	bevy_post_process::auto_exposure::settings::AutoExposure	exponential_transition_distance	.exponential_transition_distance	Float	f32	
field	bevy_post_process::auto_exposure::settings::AutoExposure	metering_mask	.metering_mask	Asset	Handle<Image>	Image
component	bevy_post_process::bloom::settings::Bloom	Bloom
field	bevy_post_process::bloom::settings::Bloom	intensity	.intensity	Float	f32	
field	bevy_post_process::bloom::settings::Bloom	low_frequency_boost	.low_frequency_boost	Float	f32	
field	bevy_post_process::bloom::settings::Bloom	low_frequency_boost_curvature	.low_frequency_boost_curvature	Float	f32	
field	bevy_post_process::bloom::settings::Bloom	high_pass_frequency	.high_pass_frequency	Float	f32	
field	bevy_post_process::bloom::settings::Bloom	prefilter.threshold	.prefilter.threshold	Float	f32	
field	bevy_post_process::bloom::settings::Bloom	prefilter.threshold_softness	.prefilter.threshold_softness	Float	f32	
field	bevy_post_process::bloom::settings::Bloom	composite_mode	.composite_mode	Enum	BloomCompositeMode	EnergyConserving,Additive
field	bevy_post_process::bloom::settings::Bloom	max_mip_dimension	.max_mip_dimension	Int	u32	
field	bevy_post_process::bloom::settings::Bloom	scale	.scale	Vec2	glam::Vec2	
component	bevy_post_process::dof::DepthOfField	DepthOfField
field	bevy_post_process::dof::DepthOfField	mode	.mode	Enum	DepthOfFieldMode	Bokeh,Gaussian
field	bevy_post_process::dof::DepthOfField	focal_distance	.focal_distance	Float	f32	
field	bevy_post_process::dof::DepthOfField	sensor_height	.sensor_height	Float	f32	
field	bevy_post_process::dof::DepthOfField	aperture_f_stops	.aperture_f_stops	Float	f32	
field	bevy_post_process::dof::DepthOfField	max_circle_of_confusion_diameter	.max_circle_of_confusion_diameter	Float	f32	
field	bevy_post_process::dof::DepthOfField	max_depth	.max_depth	Float	f32	
component	bevy_post_process::effect_stack::chromatic_aberration::ChromaticAberration	ChromaticAberration
field	bevy_post_process::effect_stack::chromatic_aberration::ChromaticAberration	color_lut	.color_lut	Enum	Option<Handle<Image>>	None,Some
variant	bevy_post_process::effect_stack::chromatic_aberration::ChromaticAberration	color_lut	Some		.color_lut.0	Asset	Handle<Image>	Image
field	bevy_post_process::effect_stack::chromatic_aberration::ChromaticAberration	intensity	.intensity	Float	f32	
field	bevy_post_process::effect_stack::chromatic_aberration::ChromaticAberration	max_samples	.max_samples	Int	u32	
component	bevy_post_process::effect_stack::vignette::Vignette	Vignette
field	bevy_post_process::effect_stack::vignette::Vignette	intensity	.intensity	Float	f32	
field	bevy_post_process::effect_stack::vignette::Vignette	radius	.radius	Float	f32	
field	bevy_post_process::effect_stack::vignette::Vignette	smoothness	.smoothness	Float	f32	
field	bevy_post_process::effect_stack::vignette::Vignette	roundness	.roundness	Float	f32	
field	bevy_post_process::effect_stack::vignette::Vignette	center	.center	Vec2	glam::Vec2	
field	bevy_post_process::effect_stack::vignette::Vignette	edge_compensation	.edge_compensation	Float	f32	
field	bevy_post_process::effect_stack::vignette::Vignette	color	.color	Color	Color	
component	bevy_post_process::motion_blur::MotionBlur	MotionBlur
field	bevy_post_process::motion_blur::MotionBlur	shutter_angle	.shutter_angle	Float	f32	
field	bevy_post_process::motion_blur::MotionBlur	samples	.samples	Int	u32	
component	bevy_render::camera::CameraRenderGraph	CameraRenderGraph
component	bevy_render::camera::MipBias	MipBias
field	bevy_render::camera::MipBias	0	.0	Float	f32	
component	bevy_render::camera::TemporalJitter	TemporalJitter
field	bevy_render::camera::TemporalJitter	offset	.offset	Vec2	glam::Vec2	
component	bevy_render::globals::GlobalsUniform	GlobalsUniform
field	bevy_render::globals::GlobalsUniform	time	.time	Float	f32	
field	bevy_render::globals::GlobalsUniform	delta_time	.delta_time	Float	f32	
field	bevy_render::globals::GlobalsUniform	frame_count	.frame_count	Int	u32	
component	bevy_render::occlusion_culling::OcclusionCulling	OcclusionCulling
component	bevy_render::sync_world::MainEntity	MainEntity
field	bevy_render::sync_world::MainEntity	0	.0	Entity	bevy_ecs::entity::Entity	
component	bevy_render::sync_world::RenderEntity	RenderEntity
field	bevy_render::sync_world::RenderEntity	0	.0	Entity	bevy_ecs::entity::Entity	
component	bevy_render::sync_world::SyncToRenderWorld	SyncToRenderWorld
component	bevy_render::sync_world::TemporaryRenderEntity	TemporaryRenderEntity
component	bevy_render::view::ColorGrading	ColorGrading
field	bevy_render::view::ColorGrading	global.exposure	.global.exposure	Float	f32	
field	bevy_render::view::ColorGrading	global.temperature	.global.temperature	Float	f32	
field	bevy_render::view::ColorGrading	global.tint	.global.tint	Float	f32	
field	bevy_render::view::ColorGrading	global.hue	.global.hue	Float	f32	
field	bevy_render::view::ColorGrading	global.post_saturation	.global.post_saturation	Float	f32	
field	bevy_render::view::ColorGrading	global.midtones_range	.global.midtones_range	Vec2	Range<f32>	
field	bevy_render::view::ColorGrading	shadows.saturation	.shadows.saturation	Float	f32	
field	bevy_render::view::ColorGrading	shadows.contrast	.shadows.contrast	Float	f32	
field	bevy_render::view::ColorGrading	shadows.gamma	.shadows.gamma	Float	f32	
field	bevy_render::view::ColorGrading	shadows.gain	.shadows.gain	Float	f32	
field	bevy_render::view::ColorGrading	shadows.lift	.shadows.lift	Float	f32	
field	bevy_render::view::ColorGrading	midtones.saturation	.midtones.saturation	Float	f32	
field	bevy_render::view::ColorGrading	midtones.contrast	.midtones.contrast	Float	f32	
field	bevy_render::view::ColorGrading	midtones.gamma	.midtones.gamma	Float	f32	
field	bevy_render::view::ColorGrading	midtones.gain	.midtones.gain	Float	f32	
field	bevy_render::view::ColorGrading	midtones.lift	.midtones.lift	Float	f32	
field	bevy_render::view::ColorGrading	highlights.saturation	.highlights.saturation	Float	f32	
field	bevy_render::view::ColorGrading	highlights.contrast	.highlights.contrast	Float	f32	
field	bevy_render::view::ColorGrading	highlights.gamma	.highlights.gamma	Float	f32	
field	bevy_render::view::ColorGrading	highlights.gain	.highlights.gain	Float	f32	
field	bevy_render::view::ColorGrading	highlights.lift	.highlights.lift	Float	f32	
component	bevy_render::view::Msaa	Msaa
field	bevy_render::view::Msaa	value		Enum	Msaa	Off,Sample2,Sample4,Sample8
component	bevy_render::view::visibility::RenderShadowMapVisibleEntities	RenderShadowMapVisibleEntities
component	bevy_render::view::window::screenshot::Screenshot	Screenshot
field	bevy_render::view::window::screenshot::Screenshot	0	.0	Enum	RenderTarget	Window,Image,TextureView,None
variant	bevy_render::view::window::screenshot::Screenshot	0	Window		.0.0	Enum	WindowRef	Primary,Entity
variant	bevy_render::view::window::screenshot::Screenshot	0	Image	handle	.0.0.handle	Asset	Handle<Image>	Image
variant	bevy_render::view::window::screenshot::Screenshot	0	Image	scale_factor	.0.0.scale_factor	Float	f32	
variant	bevy_render::view::window::screenshot::Screenshot	0	TextureView		.0.0.0	Int	u32	
variant	bevy_render::view::window::screenshot::Screenshot	0	None	size.x	.0.size.x	Int	u32	
variant	bevy_render::view::window::screenshot::Screenshot	0	None	size.y	.0.size.y	Int	u32	
component	bevy_scene::scene_component::SceneComponentInfo	SceneComponentInfo
field	bevy_scene::scene_component::SceneComponentInfo	spawned_from_scene	.spawned_from_scene	Bool	bool	
component	bevy_sprite::picking_backend::SpritePickingCamera	SpritePickingCamera
component	bevy_sprite::picking_backend::SpritePickingSettings	SpritePickingSettings
field	bevy_sprite::picking_backend::SpritePickingSettings	require_markers	.require_markers	Bool	bool	
field	bevy_sprite::picking_backend::SpritePickingSettings	picking_mode	.picking_mode	Enum	SpritePickingMode	BoundingBox,AlphaThreshold
variant	bevy_sprite::picking_backend::SpritePickingSettings	picking_mode	AlphaThreshold		.picking_mode.0	Float	f32	
component	bevy_sprite::sprite::Anchor	Anchor
field	bevy_sprite::sprite::Anchor	0	.0	Vec2	glam::Vec2	
component	bevy_sprite::sprite::Sprite	Sprite
field	bevy_sprite::sprite::Sprite	image	.image	Asset	Handle<Image>	Image
field	bevy_sprite::sprite::Sprite	texture_atlas	.texture_atlas	Enum	Option<TextureAtlas>	None,Some
variant	bevy_sprite::sprite::Sprite	texture_atlas	Some	index	.texture_atlas.0.index	Int	usize	
field	bevy_sprite::sprite::Sprite	color	.color	Color	Color	
field	bevy_sprite::sprite::Sprite	flip_x	.flip_x	Bool	bool	
field	bevy_sprite::sprite::Sprite	flip_y	.flip_y	Bool	bool	
field	bevy_sprite::sprite::Sprite	custom_size	.custom_size	Enum	Option<Vec2>	None,Some
variant	bevy_sprite::sprite::Sprite	custom_size	Some		.custom_size.0	Vec2	glam::Vec2	
field	bevy_sprite::sprite::Sprite	rect	.rect	Enum	Option<Rect>	None,Some
variant	bevy_sprite::sprite::Sprite	rect	Some	min	.rect.0.min	Vec2	glam::Vec2	
variant	bevy_sprite::sprite::Sprite	rect	Some	max	.rect.0.max	Vec2	glam::Vec2	
field	bevy_sprite::sprite::Sprite	image_mode	.image_mode	Enum	SpriteImageMode	Auto,Scale,Sliced,Tiled
variant	bevy_sprite::sprite::Sprite	image_mode	Scale		.image_mode.0	Enum	SpriteScalingMode	FillCenter,FillStart,FillEnd,FitCenter,FitStart,FitEnd
variant	bevy_sprite::sprite::Sprite	image_mode	Sliced	border.min_inset	.image_mode.0.border.min_inset	Vec2	glam::Vec2	
variant	bevy_sprite::sprite::Sprite	image_mode	Sliced	border.max_inset	.image_mode.0.border.max_inset	Vec2	glam::Vec2	
variant	bevy_sprite::sprite::Sprite	image_mode	Sliced	center_scale_mode	.image_mode.0.center_scale_mode	Enum	SliceScaleMode	Stretch,Tile
variant	bevy_sprite::sprite::Sprite	image_mode	Sliced	sides_scale_mode	.image_mode.0.sides_scale_mode	Enum	SliceScaleMode	Stretch,Tile
variant	bevy_sprite::sprite::Sprite	image_mode	Sliced	max_corner_scale	.image_mode.0.max_corner_scale	Float	f32	
variant	bevy_sprite::sprite::Sprite	image_mode	Tiled	tile_x	.image_mode.tile_x	Bool	bool	
variant	bevy_sprite::sprite::Sprite	image_mode	Tiled	tile_y	.image_mode.tile_y	Bool	bool	
variant	bevy_sprite::sprite::Sprite	image_mode	Tiled	stretch_value	.image_mode.stretch_value	Float	f32	
component	bevy_sprite::sprite_mesh::SpriteMesh	SpriteMesh
field	bevy_sprite::sprite_mesh::SpriteMesh	image	.image	Asset	Handle<Image>	Image
field	bevy_sprite::sprite_mesh::SpriteMesh	texture_atlas	.texture_atlas	Enum	Option<TextureAtlas>	None,Some
variant	bevy_sprite::sprite_mesh::SpriteMesh	texture_atlas	Some	index	.texture_atlas.0.index	Int	usize	
field	bevy_sprite::sprite_mesh::SpriteMesh	color	.color	Color	Color	
field	bevy_sprite::sprite_mesh::SpriteMesh	flip_x	.flip_x	Bool	bool	
field	bevy_sprite::sprite_mesh::SpriteMesh	flip_y	.flip_y	Bool	bool	
field	bevy_sprite::sprite_mesh::SpriteMesh	custom_size	.custom_size	Enum	Option<Vec2>	None,Some
variant	bevy_sprite::sprite_mesh::SpriteMesh	custom_size	Some		.custom_size.0	Vec2	glam::Vec2	
field	bevy_sprite::sprite_mesh::SpriteMesh	rect	.rect	Enum	Option<Rect>	None,Some
variant	bevy_sprite::sprite_mesh::SpriteMesh	rect	Some	min	.rect.0.min	Vec2	glam::Vec2	
variant	bevy_sprite::sprite_mesh::SpriteMesh	rect	Some	max	.rect.0.max	Vec2	glam::Vec2	
field	bevy_sprite::sprite_mesh::SpriteMesh	image_mode	.image_mode	Enum	SpriteImageMode	Auto,Scale,Sliced,Tiled
variant	bevy_sprite::sprite_mesh::SpriteMesh	image_mode	Scale		.image_mode.0	Enum	SpriteScalingMode	FillCenter,FillStart,FillEnd,FitCenter,FitStart,FitEnd
variant	bevy_sprite::sprite_mesh::SpriteMesh	image_mode	Sliced	border.min_inset	.image_mode.0.border.min_inset	Vec2	glam::Vec2	
variant	bevy_sprite::sprite_mesh::SpriteMesh	image_mode	Sliced	border.max_inset	.image_mode.0.border.max_inset	Vec2	glam::Vec2	
variant	bevy_sprite::sprite_mesh::SpriteMesh	image_mode	Sliced	center_scale_mode	.image_mode.0.center_scale_mode	Enum	SliceScaleMode	Stretch,Tile
variant	bevy_sprite::sprite_mesh::SpriteMesh	image_mode	Sliced	sides_scale_mode	.image_mode.0.sides_scale_mode	Enum	SliceScaleMode	Stretch,Tile
variant	bevy_sprite::sprite_mesh::SpriteMesh	image_mode	Sliced	max_corner_scale	.image_mode.0.max_corner_scale	Float	f32	
variant	bevy_sprite::sprite_mesh::SpriteMesh	image_mode	Tiled	tile_x	.image_mode.tile_x	Bool	bool	
variant	bevy_sprite::sprite_mesh::SpriteMesh	image_mode	Tiled	tile_y	.image_mode.tile_y	Bool	bool	
variant	bevy_sprite::sprite_mesh::SpriteMesh	image_mode	Tiled	stretch_value	.image_mode.stretch_value	Float	f32	
field	bevy_sprite::sprite_mesh::SpriteMesh	alpha_mode	.alpha_mode	Enum	SpriteAlphaMode	Opaque,Mask,Blend
variant	bevy_sprite::sprite_mesh::SpriteMesh	alpha_mode	Mask		.alpha_mode.0	Float	f32	
component	bevy_sprite::text2d::Text2d	Text2d
field	bevy_sprite::text2d::Text2d	0	.0	String	alloc::string::String	
component	bevy_sprite::text2d::Text2dShadow	Text2dShadow
field	bevy_sprite::text2d::Text2dShadow	offset	.offset	Vec2	glam::Vec2	
field	bevy_sprite::text2d::Text2dShadow	color	.color	Color	Color	
component	bevy_sprite_render::mesh2d::material::MeshMaterial2d<bevy_sprite_render::mesh2d::color_material::ColorMaterial>	MeshMaterial2d<ColorMaterial>
component	bevy_sprite_render::mesh2d::material::MeshMaterial2d<bevy_sprite_render::sprite_mesh::sprite_material::SpriteMaterial>	MeshMaterial2d<SpriteMaterial>
component	bevy_sprite_render::mesh2d::material::MeshMaterial2d<bevy_sprite_render::tilemap_chunk::tilemap_chunk_material::TilemapChunkMaterial>	MeshMaterial2d<TilemapChunkMaterial>
component	bevy_sprite_render::mesh2d::wireframe2d::Mesh2dWireframe	Mesh2dWireframe
component	bevy_sprite_render::mesh2d::wireframe2d::NoWireframe2d	NoWireframe2d
component	bevy_sprite_render::mesh2d::wireframe2d::Wireframe2d	Wireframe2d
component	bevy_sprite_render::mesh2d::wireframe2d::Wireframe2dColor	Wireframe2dColor
field	bevy_sprite_render::mesh2d::wireframe2d::Wireframe2dColor	color	.color	Color	Color	
component	bevy_sprite_render::mesh2d::wireframe2d::Wireframe2dConfig	Wireframe2dConfig
field	bevy_sprite_render::mesh2d::wireframe2d::Wireframe2dConfig	global	.global	Bool	bool	
field	bevy_sprite_render::mesh2d::wireframe2d::Wireframe2dConfig	default_color	.default_color	Color	Color	
component	bevy_sprite_render::tilemap_chunk::TilemapChunk	TilemapChunk
field	bevy_sprite_render::tilemap_chunk::TilemapChunk	chunk_size.x	.chunk_size.x	Int	u32	
field	bevy_sprite_render::tilemap_chunk::TilemapChunk	chunk_size.y	.chunk_size.y	Int	u32	
field	bevy_sprite_render::tilemap_chunk::TilemapChunk	tile_display_size.x	.tile_display_size.x	Int	u32	
field	bevy_sprite_render::tilemap_chunk::TilemapChunk	tile_display_size.y	.tile_display_size.y	Int	u32	
field	bevy_sprite_render::tilemap_chunk::TilemapChunk	tileset	.tileset	Asset	Handle<Image>	Image
field	bevy_sprite_render::tilemap_chunk::TilemapChunk	alpha_mode	.alpha_mode	Enum	AlphaMode2d	Opaque,Mask,Blend
variant	bevy_sprite_render::tilemap_chunk::TilemapChunk	alpha_mode	Mask		.alpha_mode.0	Float	f32	
component	bevy_sprite_render::tilemap_chunk::TilemapChunkMeshCache	TilemapChunkMeshCache
component	bevy_sprite_render::tilemap_chunk::TilemapChunkTileData	TilemapChunkTileData
component	bevy_text::bounds::TextBounds	TextBounds
field	bevy_text::bounds::TextBounds	width	.width	Enum	Option<f32>	None,Some
variant	bevy_text::bounds::TextBounds	width	Some		.width.0	Float	f32	
field	bevy_text::bounds::TextBounds	height	.height	Enum	Option<f32>	None,Some
variant	bevy_text::bounds::TextBounds	height	Some		.height.0	Float	f32	
component	bevy_text::pipeline::TextLayoutInfo	TextLayoutInfo
field	bevy_text::pipeline::TextLayoutInfo	scale_factor	.scale_factor	Float	f32	
field	bevy_text::pipeline::TextLayoutInfo	size	.size	Vec2	glam::Vec2	
field	bevy_text::pipeline::TextLayoutInfo	cursor	.cursor	Enum	Option<(bool, Rect)>	None,Some
component	bevy_text::text::ComputedTextBlock	ComputedTextBlock
field	bevy_text::text::ComputedTextBlock	needs_rerender	.needs_rerender	Bool	bool	
field	bevy_text::text::ComputedTextBlock	uses_viewport_sizes	.uses_viewport_sizes	Bool	bool	
field	bevy_text::text::ComputedTextBlock	uses_rem_sizes	.uses_rem_sizes	Bool	bool	
component	bevy_text::text::FontHinting	FontHinting
field	bevy_text::text::FontHinting	value		Enum	FontHinting	Disabled,Enabled
component	bevy_text::text::LetterSpacing	LetterSpacing
field	bevy_text::text::LetterSpacing	value		Enum	LetterSpacing	Px,Rem
variant	bevy_text::text::LetterSpacing	value	Px		.0	Float	f32	
variant	bevy_text::text::LetterSpacing	value	Rem		.0	Float	f32	
component	bevy_text::text::LineHeight	LineHeight
field	bevy_text::text::LineHeight	value		Enum	LineHeight	Px,RelativeToFont
variant	bevy_text::text::LineHeight	value	Px		.0	Float	f32	
variant	bevy_text::text::LineHeight	value	RelativeToFont		.0	Float	f32	
component	bevy_text::text::StrikethroughColor	StrikethroughColor
field	bevy_text::text::StrikethroughColor	0	.0	Color	Color	
component	bevy_text::text::TextBackgroundColor	TextBackgroundColor
field	bevy_text::text::TextBackgroundColor	0	.0	Color	Color	
component	bevy_text::text::TextColor	TextColor
field	bevy_text::text::TextColor	0	.0	Color	Color	
component	bevy_text::text::TextFont	TextFont
field	bevy_text::text::TextFont	font	.font	Enum	FontSource	Handle,Family,Serif,SansSerif,Cursive,Fantasy,Monospace,SystemUi,UiSerif,UiSansSerif,UiMonospace,UiRounded,Emoji,Math,FangSong
variant	bevy_text::text::TextFont	font	Handle		.font.0	Asset	Handle<Font>	Font
field	bevy_text::text::TextFont	font_size	.font_size	Enum	FontSize	Px,Vw,Vh,VMin,VMax,Rem
variant	bevy_text::text::TextFont	font_size	Px		.font_size.0	Float	f32	
variant	bevy_text::text::TextFont	font_size	Vw		.font_size.0	Float	f32	
variant	bevy_text::text::TextFont	font_size	Vh		.font_size.0	Float	f32	
variant	bevy_text::text::TextFont	font_size	VMin		.font_size.0	Float	f32	
variant	bevy_text::text::TextFont	font_size	VMax		.font_size.0	Float	f32	
variant	bevy_text::text::TextFont	font_size	Rem		.font_size.0	Float	f32	
field	bevy_text::text::TextFont	weight	.weight.0	Int	u16	
field	bevy_text::text::TextFont	width	.width.0	Float	f32	
field	bevy_text::text::TextFont	style	.style	Enum	FontStyle	Normal,Italic,Oblique
variant	bevy_text::text::TextFont	style	Oblique		.style.0	Enum	Option<f32>	None,Some
field	bevy_text::text::TextFont	font_smoothing	.font_smoothing	Enum	FontSmoothing	None,AntiAliased
component	bevy_text::text::TextLayout	TextLayout
field	bevy_text::text::TextLayout	justify	.justify	Enum	Justify	Left,Center,Right,Justified,Start,End
field	bevy_text::text::TextLayout	linebreak	.linebreak	Enum	LineBreak	WordBoundary,AnyCharacter,WordOrCharacter,NoWrap
component	bevy_text::text::TextSpan	TextSpan
field	bevy_text::text::TextSpan	0	.0	String	alloc::string::String	
component	bevy_text::text::UnderlineColor	UnderlineColor
field	bevy_text::text::UnderlineColor	0	.0	Color	Color	
component	bevy_time::delayed_commands::DelayedCommandQueue	DelayedCommandQueue
component	bevy_time::time::Time<()>	Time<()>
field	bevy_time::time::Time<()>	delta_secs	.delta_secs	Float	f32	
field	bevy_time::time::Time<()>	delta_secs_f64	.delta_secs_f64	Double	f64	
field	bevy_time::time::Time<()>	elapsed_secs	.elapsed_secs	Float	f32	
field	bevy_time::time::Time<()>	elapsed_secs_f64	.elapsed_secs_f64	Double	f64	
field	bevy_time::time::Time<()>	elapsed_secs_wrapped	.elapsed_secs_wrapped	Float	f32	
field	bevy_time::time::Time<()>	elapsed_secs_wrapped_f64	.elapsed_secs_wrapped_f64	Double	f64	
component	bevy_time::time::Time<bevy_time::fixed::Fixed>	Time<Fixed>
field	bevy_time::time::Time<bevy_time::fixed::Fixed>	delta_secs	.delta_secs	Float	f32	
field	bevy_time::time::Time<bevy_time::fixed::Fixed>	delta_secs_f64	.delta_secs_f64	Double	f64	
field	bevy_time::time::Time<bevy_time::fixed::Fixed>	elapsed_secs	.elapsed_secs	Float	f32	
field	bevy_time::time::Time<bevy_time::fixed::Fixed>	elapsed_secs_f64	.elapsed_secs_f64	Double	f64	
field	bevy_time::time::Time<bevy_time::fixed::Fixed>	elapsed_secs_wrapped	.elapsed_secs_wrapped	Float	f32	
field	bevy_time::time::Time<bevy_time::fixed::Fixed>	elapsed_secs_wrapped_f64	.elapsed_secs_wrapped_f64	Double	f64	
component	bevy_time::time::Time<bevy_time::real::Real>	Time<Real>
field	bevy_time::time::Time<bevy_time::real::Real>	context.first_update	.context.first_update	Enum	Option<Instant>	None,Some
field	bevy_time::time::Time<bevy_time::real::Real>	context.last_update	.context.last_update	Enum	Option<Instant>	None,Some
field	bevy_time::time::Time<bevy_time::real::Real>	delta_secs	.delta_secs	Float	f32	
field	bevy_time::time::Time<bevy_time::real::Real>	delta_secs_f64	.delta_secs_f64	Double	f64	
field	bevy_time::time::Time<bevy_time::real::Real>	elapsed_secs	.elapsed_secs	Float	f32	
field	bevy_time::time::Time<bevy_time::real::Real>	elapsed_secs_f64	.elapsed_secs_f64	Double	f64	
field	bevy_time::time::Time<bevy_time::real::Real>	elapsed_secs_wrapped	.elapsed_secs_wrapped	Float	f32	
field	bevy_time::time::Time<bevy_time::real::Real>	elapsed_secs_wrapped_f64	.elapsed_secs_wrapped_f64	Double	f64	
component	bevy_time::time::Time<bevy_time::virt::Virtual>	Time<Virtual>
field	bevy_time::time::Time<bevy_time::virt::Virtual>	context.paused	.context.paused	Bool	bool	
field	bevy_time::time::Time<bevy_time::virt::Virtual>	context.relative_speed	.context.relative_speed	Double	f64	
field	bevy_time::time::Time<bevy_time::virt::Virtual>	context.effective_speed	.context.effective_speed	Double	f64	
field	bevy_time::time::Time<bevy_time::virt::Virtual>	delta_secs	.delta_secs	Float	f32	
field	bevy_time::time::Time<bevy_time::virt::Virtual>	delta_secs_f64	.delta_secs_f64	Double	f64	
field	bevy_time::time::Time<bevy_time::virt::Virtual>	elapsed_secs	.elapsed_secs	Float	f32	
field	bevy_time::time::Time<bevy_time::virt::Virtual>	elapsed_secs_f64	.elapsed_secs_f64	Double	f64	
field	bevy_time::time::Time<bevy_time::virt::Virtual>	elapsed_secs_wrapped	.elapsed_secs_wrapped	Float	f32	
field	bevy_time::time::Time<bevy_time::virt::Virtual>	elapsed_secs_wrapped_f64	.elapsed_secs_wrapped_f64	Double	f64	
component	bevy_transform::components::global_transform::GlobalTransform	GlobalTransform
field	bevy_transform::components::global_transform::GlobalTransform	0.matrix3.x_axis	.0.matrix3.x_axis	Vec3	glam::Vec3A	
field	bevy_transform::components::global_transform::GlobalTransform	0.matrix3.y_axis	.0.matrix3.y_axis	Vec3	glam::Vec3A	
field	bevy_transform::components::global_transform::GlobalTransform	0.matrix3.z_axis	.0.matrix3.z_axis	Vec3	glam::Vec3A	
field	bevy_transform::components::global_transform::GlobalTransform	0.translation	.0.translation	Vec3	glam::Vec3A	
component	bevy_transform::components::transform::Transform	Transform
field	bevy_transform::components::transform::Transform	translation	.translation	Vec3	glam::Vec3	
field	bevy_transform::components::transform::Transform	rotation	.rotation	Quat	glam::Quat	
field	bevy_transform::components::transform::Transform	scale	.scale	Vec3	glam::Vec3	
component	bevy_transform::components::transform::TransformTreeChanged	TransformTreeChanged
component	bevy_ui::UiScale	UiScale
field	bevy_ui::UiScale	0	.0	Float	f32	
component	bevy_ui::accessibility::AccessibleLabel	AccessibleLabel
field	bevy_ui::accessibility::AccessibleLabel	0	.0	String	alloc::string::String	
component	bevy_ui::auto_directional_navigation::AutoDirectionalNavigation	AutoDirectionalNavigation
field	bevy_ui::auto_directional_navigation::AutoDirectionalNavigation	respect_tab_order	.respect_tab_order	Bool	bool	
component	bevy_ui::focus::FocusPolicy	FocusPolicy
field	bevy_ui::focus::FocusPolicy	value		Enum	FocusPolicy	Block,Pass
component	bevy_ui::focus::Interaction	Interaction
field	bevy_ui::focus::Interaction	value		Enum	Interaction	Pressed,Hovered,None
component	bevy_ui::focus::RelativeCursorPosition	RelativeCursorPosition
field	bevy_ui::focus::RelativeCursorPosition	cursor_over	.cursor_over	Bool	bool	
field	bevy_ui::focus::RelativeCursorPosition	normalized	.normalized	Enum	Option<Vec2>	None,Some
variant	bevy_ui::focus::RelativeCursorPosition	normalized	Some		.normalized.0	Vec2	glam::Vec2	
component	bevy_ui::gradients::BackgroundGradient	BackgroundGradient
component	bevy_ui::gradients::BorderGradient	BorderGradient
component	bevy_ui::interaction_states::Checkable	Checkable
component	bevy_ui::interaction_states::Checked	Checked
component	bevy_ui::interaction_states::InteractionDisabled	InteractionDisabled
component	bevy_ui::interaction_states::Pressed	Pressed
component	bevy_ui::measurement::ContentSize	ContentSize
component	bevy_ui::picking_backend::UiPickingCamera	UiPickingCamera
component	bevy_ui::picking_backend::UiPickingSettings	UiPickingSettings
field	bevy_ui::picking_backend::UiPickingSettings	require_markers	.require_markers	Bool	bool	
component	bevy_ui::stack::ComputedStackIndex	ComputedStackIndex
field	bevy_ui::stack::ComputedStackIndex	0	.0	Int	u32	
component	bevy_ui::stack::UiStack	UiStack
field	bevy_ui::stack::UiStack	uinodes	.uinodes	List	Vec<Entity>	
component	bevy_ui::ui_node::BackgroundColor	BackgroundColor
field	bevy_ui::ui_node::BackgroundColor	0	.0	Color	Color	
component	bevy_ui::ui_node::BorderColor	BorderColor
field	bevy_ui::ui_node::BorderColor	top	.top	Color	Color	
field	bevy_ui::ui_node::BorderColor	right	.right	Color	Color	
field	bevy_ui::ui_node::BorderColor	bottom	.bottom	Color	Color	
field	bevy_ui::ui_node::BorderColor	left	.left	Color	Color	
component	bevy_ui::ui_node::BoxShadow	BoxShadow
component	bevy_ui::ui_node::CalculatedClip	CalculatedClip
field	bevy_ui::ui_node::CalculatedClip	clip.min	.clip.min	Vec2	glam::Vec2	
field	bevy_ui::ui_node::CalculatedClip	clip.max	.clip.max	Vec2	glam::Vec2	
component	bevy_ui::ui_node::ComputedNode	ComputedNode
field	bevy_ui::ui_node::ComputedNode	size	.size	Vec2	glam::Vec2	
field	bevy_ui::ui_node::ComputedNode	content_size	.content_size	Vec2	glam::Vec2	
field	bevy_ui::ui_node::ComputedNode	scrollbar_size	.scrollbar_size	Vec2	glam::Vec2	
field	bevy_ui::ui_node::ComputedNode	scroll_position	.scroll_position	Vec2	glam::Vec2	
field	bevy_ui::ui_node::ComputedNode	outline_width	.outline_width	Float	f32	
field	bevy_ui::ui_node::ComputedNode	outline_offset	.outline_offset	Float	f32	
field	bevy_ui::ui_node::ComputedNode	unrounded_size	.unrounded_size	Vec2	glam::Vec2	
field	bevy_ui::ui_node::ComputedNode	border.min_inset	.border.min_inset	Vec2	glam::Vec2	
field	bevy_ui::ui_node::ComputedNode	border.max_inset	.border.max_inset	Vec2	glam::Vec2	
field	bevy_ui::ui_node::ComputedNode	border_radius.top_left	.border_radius.top_left	Float	f32	
field	bevy_ui::ui_node::ComputedNode	border_radius.top_right	.border_radius.top_right	Float	f32	
field	bevy_ui::ui_node::ComputedNode	border_radius.bottom_right	.border_radius.bottom_right	Float	f32	
field	bevy_ui::ui_node::ComputedNode	border_radius.bottom_left	.border_radius.bottom_left	Float	f32	
field	bevy_ui::ui_node::ComputedNode	padding.min_inset	.padding.min_inset	Vec2	glam::Vec2	
field	bevy_ui::ui_node::ComputedNode	padding.max_inset	.padding.max_inset	Vec2	glam::Vec2	
field	bevy_ui::ui_node::ComputedNode	inverse_scale_factor	.inverse_scale_factor	Float	f32	
component	bevy_ui::ui_node::ComputedUiRenderTargetInfo	ComputedUiRenderTargetInfo
field	bevy_ui::ui_node::ComputedUiRenderTargetInfo	scale_factor	.scale_factor	Float	f32	
field	bevy_ui::ui_node::ComputedUiRenderTargetInfo	physical_size.x	.physical_size.x	Int	u32	
field	bevy_ui::ui_node::ComputedUiRenderTargetInfo	physical_size.y	.physical_size.y	Int	u32	
component	bevy_ui::ui_node::ComputedUiTargetCamera	ComputedUiTargetCamera
field	bevy_ui::ui_node::ComputedUiTargetCamera	camera	.camera	Entity	bevy_ecs::entity::Entity	
component	bevy_ui::ui_node::GlobalZIndex	GlobalZIndex
field	bevy_ui::ui_node::GlobalZIndex	0	.0	Int	i32	
component	bevy_ui::ui_node::IgnoreScroll	IgnoreScroll
field	bevy_ui::ui_node::IgnoreScroll	0.x	.0.x	Bool	bool	
field	bevy_ui::ui_node::IgnoreScroll	0.y	.0.y	Bool	bool	
component	bevy_ui::ui_node::IsDefaultUiCamera	IsDefaultUiCamera
component	bevy_ui::ui_node::LayoutConfig	LayoutConfig
field	bevy_ui::ui_node::LayoutConfig	use_rounding	.use_rounding	Bool	bool	
component	bevy_ui::ui_node::Node	Node
field	bevy_ui::ui_node::Node	display	.display	Enum	Display	Flex,Grid,Block,None
field	bevy_ui::ui_node::Node	box_sizing	.box_sizing	Enum	BoxSizing	BorderBox,ContentBox
field	bevy_ui::ui_node::Node	position_type	.position_type	Enum	PositionType	Relative,Absolute
field	bevy_ui::ui_node::Node	overflow.x	.overflow.x	Enum	OverflowAxis	Visible,Clip,Hidden,Scroll
field	bevy_ui::ui_node::Node	overflow.y	.overflow.y	Enum	OverflowAxis	Visible,Clip,Hidden,Scroll
field	bevy_ui::ui_node::Node	scrollbar_width	.scrollbar_width	Float	f32	
field	bevy_ui::ui_node::Node	overflow_clip_margin.visual_box	.overflow_clip_margin.visual_box	Enum	VisualBox	ContentBox,PaddingBox,BorderBox
field	bevy_ui::ui_node::Node	overflow_clip_margin.margin	.overflow_clip_margin.margin	Float	f32	
field	bevy_ui::ui_node::Node	left	.left	Enum	Val	Auto,Px,Percent,Vw,Vh,VMin,VMax
variant	bevy_ui::ui_node::Node	left	Px		.left.0	Float	f32	
variant	bevy_ui::ui_node::Node	left	Percent		.left.0	Float	f32	
variant	bevy_ui::ui_node::Node	left	Vw		.left.0	Float	f32	
variant	bevy_ui::ui_node::Node	left	Vh		.left.0	Float	f32	
variant	bevy_ui::ui_node::Node	left	VMin		.left.0	Float	f32	
variant	bevy_ui::ui_node::Node	left	VMax		.left.0	Float	f32	
field	bevy_ui::ui_node::Node	right	.right	Enum	Val	Auto,Px,Percent,Vw,Vh,VMin,VMax
variant	bevy_ui::ui_node::Node	right	Px		.right.0	Float	f32	
variant	bevy_ui::ui_node::Node	right	Percent		.right.0	Float	f32	
variant	bevy_ui::ui_node::Node	right	Vw		.right.0	Float	f32	
variant	bevy_ui::ui_node::Node	right	Vh		.right.0	Float	f32	
variant	bevy_ui::ui_node::Node	right	VMin		.right.0	Float	f32	
variant	bevy_ui::ui_node::Node	right	VMax		.right.0	Float	f32	
field	bevy_ui::ui_node::Node	top	.top	Enum	Val	Auto,Px,Percent,Vw,Vh,VMin,VMax
variant	bevy_ui::ui_node::Node	top	Px		.top.0	Float	f32	
variant	bevy_ui::ui_node::Node	top	Percent		.top.0	Float	f32	
variant	bevy_ui::ui_node::Node	top	Vw		.top.0	Float	f32	
variant	bevy_ui::ui_node::Node	top	Vh		.top.0	Float	f32	
variant	bevy_ui::ui_node::Node	top	VMin		.top.0	Float	f32	
variant	bevy_ui::ui_node::Node	top	VMax		.top.0	Float	f32	
field	bevy_ui::ui_node::Node	bottom	.bottom	Enum	Val	Auto,Px,Percent,Vw,Vh,VMin,VMax
variant	bevy_ui::ui_node::Node	bottom	Px		.bottom.0	Float	f32	
variant	bevy_ui::ui_node::Node	bottom	Percent		.bottom.0	Float	f32	
variant	bevy_ui::ui_node::Node	bottom	Vw		.bottom.0	Float	f32	
variant	bevy_ui::ui_node::Node	bottom	Vh		.bottom.0	Float	f32	
variant	bevy_ui::ui_node::Node	bottom	VMin		.bottom.0	Float	f32	
variant	bevy_ui::ui_node::Node	bottom	VMax		.bottom.0	Float	f32	
field	bevy_ui::ui_node::Node	width	.width	Enum	Val	Auto,Px,Percent,Vw,Vh,VMin,VMax
variant	bevy_ui::ui_node::Node	width	Px		.width.0	Float	f32	
variant	bevy_ui::ui_node::Node	width	Percent		.width.0	Float	f32	
variant	bevy_ui::ui_node::Node	width	Vw		.width.0	Float	f32	
variant	bevy_ui::ui_node::Node	width	Vh		.width.0	Float	f32	
variant	bevy_ui::ui_node::Node	width	VMin		.width.0	Float	f32	
variant	bevy_ui::ui_node::Node	width	VMax		.width.0	Float	f32	
field	bevy_ui::ui_node::Node	height	.height	Enum	Val	Auto,Px,Percent,Vw,Vh,VMin,VMax
variant	bevy_ui::ui_node::Node	height	Px		.height.0	Float	f32	
variant	bevy_ui::ui_node::Node	height	Percent		.height.0	Float	f32	
variant	bevy_ui::ui_node::Node	height	Vw		.height.0	Float	f32	
variant	bevy_ui::ui_node::Node	height	Vh		.height.0	Float	f32	
variant	bevy_ui::ui_node::Node	height	VMin		.height.0	Float	f32	
variant	bevy_ui::ui_node::Node	height	VMax		.height.0	Float	f32	
field	bevy_ui::ui_node::Node	min_width	.min_width	Enum	Val	Auto,Px,Percent,Vw,Vh,VMin,VMax
variant	bevy_ui::ui_node::Node	min_width	Px		.min_width.0	Float	f32	
variant	bevy_ui::ui_node::Node	min_width	Percent		.min_width.0	Float	f32	
variant	bevy_ui::ui_node::Node	min_width	Vw		.min_width.0	Float	f32	
variant	bevy_ui::ui_node::Node	min_width	Vh		.min_width.0	Float	f32	
variant	bevy_ui::ui_node::Node	min_width	VMin		.min_width.0	Float	f32	
variant	bevy_ui::ui_node::Node	min_width	VMax		.min_width.0	Float	f32	
field	bevy_ui::ui_node::Node	min_height	.min_height	Enum	Val	Auto,Px,Percent,Vw,Vh,VMin,VMax
variant	bevy_ui::ui_node::Node	min_height	Px		.min_height.0	Float	f32	
variant	bevy_ui::ui_node::Node	min_height	Percent		.min_height.0	Float	f32	
variant	bevy_ui::ui_node::Node	min_height	Vw		.min_height.0	Float	f32	
variant	bevy_ui::ui_node::Node	min_height	Vh		.min_height.0	Float	f32	
variant	bevy_ui::ui_node::Node	min_height	VMin		.min_height.0	Float	f32	
variant	bevy_ui::ui_node::Node	min_height	VMax		.min_height.0	Float	f32	
field	bevy_ui::ui_node::Node	max_width	.max_width	Enum	Val	Auto,Px,Percent,Vw,Vh,VMin,VMax
variant	bevy_ui::ui_node::Node	max_width	Px		.max_width.0	Float	f32	
variant	bevy_ui::ui_node::Node	max_width	Percent		.max_width.0	Float	f32	
variant	bevy_ui::ui_node::Node	max_width	Vw		.max_width.0	Float	f32	
variant	bevy_ui::ui_node::Node	max_width	Vh		.max_width.0	Float	f32	
variant	bevy_ui::ui_node::Node	max_width	VMin		.max_width.0	Float	f32	
variant	bevy_ui::ui_node::Node	max_width	VMax		.max_width.0	Float	f32	
field	bevy_ui::ui_node::Node	max_height	.max_height	Enum	Val	Auto,Px,Percent,Vw,Vh,VMin,VMax
variant	bevy_ui::ui_node::Node	max_height	Px		.max_height.0	Float	f32	
variant	bevy_ui::ui_node::Node	max_height	Percent		.max_height.0	Float	f32	
variant	bevy_ui::ui_node::Node	max_height	Vw		.max_height.0	Float	f32	
variant	bevy_ui::ui_node::Node	max_height	Vh		.max_height.0	Float	f32	
variant	bevy_ui::ui_node::Node	max_height	VMin		.max_height.0	Float	f32	
variant	bevy_ui::ui_node::Node	max_height	VMax		.max_height.0	Float	f32	
field	bevy_ui::ui_node::Node	aspect_ratio	.aspect_ratio	Enum	Option<f32>	None,Some
variant	bevy_ui::ui_node::Node	aspect_ratio	Some		.aspect_ratio.0	Float	f32	
field	bevy_ui::ui_node::Node	align_items	.align_items	Enum	AlignItems	Default,Start,End,FlexStart,FlexEnd,Center,Baseline,Stretch
field	bevy_ui::ui_node::Node	justify_items	.justify_items	Enum	JustifyItems	Default,Start,End,Center,Baseline,Stretch
field	bevy_ui::ui_node::Node	align_self	.align_self	Enum	AlignSelf	Auto,Start,End,FlexStart,FlexEnd,Center,Baseline,Stretch
field	bevy_ui::ui_node::Node	justify_self	.justify_self	Enum	JustifySelf	Auto,Start,End,Center,Baseline,Stretch
field	bevy_ui::ui_node::Node	align_content	.align_content	Enum	AlignContent	Default,Start,End,FlexStart,FlexEnd,Center,Stretch,SpaceBetween,SpaceEvenly,SpaceAround
field	bevy_ui::ui_node::Node	justify_content	.justify_content	Enum	JustifyContent	Default,Start,End,FlexStart,FlexEnd,Center,Stretch,SpaceBetween,SpaceEvenly,SpaceAround
field	bevy_ui::ui_node::Node	direction	.direction	Enum	InlineDirection	Ltr,Rtl
field	bevy_ui::ui_node::Node	margin.left	.margin.left	Enum	Val	Auto,Px,Percent,Vw,Vh,VMin,VMax
variant	bevy_ui::ui_node::Node	margin.left	Px		.margin.left.0	Float	f32	
variant	bevy_ui::ui_node::Node	margin.left	Percent		.margin.left.0	Float	f32	
variant	bevy_ui::ui_node::Node	margin.left	Vw		.margin.left.0	Float	f32	
variant	bevy_ui::ui_node::Node	margin.left	Vh		.margin.left.0	Float	f32	
variant	bevy_ui::ui_node::Node	margin.left	VMin		.margin.left.0	Float	f32	
variant	bevy_ui::ui_node::Node	margin.left	VMax		.margin.left.0	Float	f32	
field	bevy_ui::ui_node::Node	margin.right	.margin.right	Enum	Val	Auto,Px,Percent,Vw,Vh,VMin,VMax
variant	bevy_ui::ui_node::Node	margin.right	Px		.margin.right.0	Float	f32	
variant	bevy_ui::ui_node::Node	margin.right	Percent		.margin.right.0	Float	f32	
variant	bevy_ui::ui_node::Node	margin.right	Vw		.margin.right.0	Float	f32	
variant	bevy_ui::ui_node::Node	margin.right	Vh		.margin.right.0	Float	f32	
variant	bevy_ui::ui_node::Node	margin.right	VMin		.margin.right.0	Float	f32	
variant	bevy_ui::ui_node::Node	margin.right	VMax		.margin.right.0	Float	f32	
field	bevy_ui::ui_node::Node	margin.top	.margin.top	Enum	Val	Auto,Px,Percent,Vw,Vh,VMin,VMax
variant	bevy_ui::ui_node::Node	margin.top	Px		.margin.top.0	Float	f32	
variant	bevy_ui::ui_node::Node	margin.top	Percent		.margin.top.0	Float	f32	
variant	bevy_ui::ui_node::Node	margin.top	Vw		.margin.top.0	Float	f32	
variant	bevy_ui::ui_node::Node	margin.top	Vh		.margin.top.0	Float	f32	
variant	bevy_ui::ui_node::Node	margin.top	VMin		.margin.top.0	Float	f32	
variant	bevy_ui::ui_node::Node	margin.top	VMax		.margin.top.0	Float	f32	
field	bevy_ui::ui_node::Node	margin.bottom	.margin.bottom	Enum	Val	Auto,Px,Percent,Vw,Vh,VMin,VMax
variant	bevy_ui::ui_node::Node	margin.bottom	Px		.margin.bottom.0	Float	f32	
variant	bevy_ui::ui_node::Node	margin.bottom	Percent		.margin.bottom.0	Float	f32	
variant	bevy_ui::ui_node::Node	margin.bottom	Vw		.margin.bottom.0	Float	f32	
variant	bevy_ui::ui_node::Node	margin.bottom	Vh		.margin.bottom.0	Float	f32	
variant	bevy_ui::ui_node::Node	margin.bottom	VMin		.margin.bottom.0	Float	f32	
variant	bevy_ui::ui_node::Node	margin.bottom	VMax		.margin.bottom.0	Float	f32	
field	bevy_ui::ui_node::Node	padding.left	.padding.left	Enum	Val	Auto,Px,Percent,Vw,Vh,VMin,VMax
variant	bevy_ui::ui_node::Node	padding.left	Px		.padding.left.0	Float	f32	
variant	bevy_ui::ui_node::Node	padding.left	Percent		.padding.left.0	Float	f32	
variant	bevy_ui::ui_node::Node	padding.left	Vw		.padding.left.0	Float	f32	
variant	bevy_ui::ui_node::Node	padding.left	Vh		.padding.left.0	Float	f32	
variant	bevy_ui::ui_node::Node	padding.left	VMin		.padding.left.0	Float	f32	
variant	bevy_ui::ui_node::Node	padding.left	VMax		.padding.left.0	Float	f32	
field	bevy_ui::ui_node::Node	padding.right	.padding.right	Enum	Val	Auto,Px,Percent,Vw,Vh,VMin,VMax
variant	bevy_ui::ui_node::Node	padding.right	Px		.padding.right.0	Float	f32	
variant	bevy_ui::ui_node::Node	padding.right	Percent		.padding.right.0	Float	f32	
variant	bevy_ui::ui_node::Node	padding.right	Vw		.padding.right.0	Float	f32	
variant	bevy_ui::ui_node::Node	padding.right	Vh		.padding.right.0	Float	f32	
variant	bevy_ui::ui_node::Node	padding.right	VMin		.padding.right.0	Float	f32	
variant	bevy_ui::ui_node::Node	padding.right	VMax		.padding.right.0	Float	f32	
field	bevy_ui::ui_node::Node	padding.top	.padding.top	Enum	Val	Auto,Px,Percent,Vw,Vh,VMin,VMax
variant	bevy_ui::ui_node::Node	padding.top	Px		.padding.top.0	Float	f32	
variant	bevy_ui::ui_node::Node	padding.top	Percent		.padding.top.0	Float	f32	
variant	bevy_ui::ui_node::Node	padding.top	Vw		.padding.top.0	Float	f32	
variant	bevy_ui::ui_node::Node	padding.top	Vh		.padding.top.0	Float	f32	
variant	bevy_ui::ui_node::Node	padding.top	VMin		.padding.top.0	Float	f32	
variant	bevy_ui::ui_node::Node	padding.top	VMax		.padding.top.0	Float	f32	
field	bevy_ui::ui_node::Node	padding.bottom	.padding.bottom	Enum	Val	Auto,Px,Percent,Vw,Vh,VMin,VMax
variant	bevy_ui::ui_node::Node	padding.bottom	Px		.padding.bottom.0	Float	f32	
variant	bevy_ui::ui_node::Node	padding.bottom	Percent		.padding.bottom.0	Float	f32	
variant	bevy_ui::ui_node::Node	padding.bottom	Vw		.padding.bottom.0	Float	f32	
variant	bevy_ui::ui_node::Node	padding.bottom	Vh		.padding.bottom.0	Float	f32	
variant	bevy_ui::ui_node::Node	padding.bottom	VMin		.padding.bottom.0	Float	f32	
variant	bevy_ui::ui_node::Node	padding.bottom	VMax		.padding.bottom.0	Float	f32	
field	bevy_ui::ui_node::Node	border.left	.border.left	Enum	Val	Auto,Px,Percent,Vw,Vh,VMin,VMax
variant	bevy_ui::ui_node::Node	border.left	Px		.border.left.0	Float	f32	
variant	bevy_ui::ui_node::Node	border.left	Percent		.border.left.0	Float	f32	
variant	bevy_ui::ui_node::Node	border.left	Vw		.border.left.0	Float	f32	
variant	bevy_ui::ui_node::Node	border.left	Vh		.border.left.0	Float	f32	
variant	bevy_ui::ui_node::Node	border.left	VMin		.border.left.0	Float	f32	
variant	bevy_ui::ui_node::Node	border.left	VMax		.border.left.0	Float	f32	
field	bevy_ui::ui_node::Node	border.right	.border.right	Enum	Val	Auto,Px,Percent,Vw,Vh,VMin,VMax
variant	bevy_ui::ui_node::Node	border.right	Px		.border.right.0	Float	f32	
variant	bevy_ui::ui_node::Node	border.right	Percent		.border.right.0	Float	f32	
variant	bevy_ui::ui_node::Node	border.right	Vw		.border.right.0	Float	f32	
variant	bevy_ui::ui_node::Node	border.right	Vh		.border.right.0	Float	f32	
variant	bevy_ui::ui_node::Node	border.right	VMin		.border.right.0	Float	f32	
variant	bevy_ui::ui_node::Node	border.right	VMax		.border.right.0	Float	f32	
field	bevy_ui::ui_node::Node	border.top	.border.top	Enum	Val	Auto,Px,Percent,Vw,Vh,VMin,VMax
variant	bevy_ui::ui_node::Node	border.top	Px		.border.top.0	Float	f32	
variant	bevy_ui::ui_node::Node	border.top	Percent		.border.top.0	Float	f32	
variant	bevy_ui::ui_node::Node	border.top	Vw		.border.top.0	Float	f32	
variant	bevy_ui::ui_node::Node	border.top	Vh		.border.top.0	Float	f32	
variant	bevy_ui::ui_node::Node	border.top	VMin		.border.top.0	Float	f32	
variant	bevy_ui::ui_node::Node	border.top	VMax		.border.top.0	Float	f32	
field	bevy_ui::ui_node::Node	border.bottom	.border.bottom	Enum	Val	Auto,Px,Percent,Vw,Vh,VMin,VMax
variant	bevy_ui::ui_node::Node	border.bottom	Px		.border.bottom.0	Float	f32	
variant	bevy_ui::ui_node::Node	border.bottom	Percent		.border.bottom.0	Float	f32	
variant	bevy_ui::ui_node::Node	border.bottom	Vw		.border.bottom.0	Float	f32	
variant	bevy_ui::ui_node::Node	border.bottom	Vh		.border.bottom.0	Float	f32	
variant	bevy_ui::ui_node::Node	border.bottom	VMin		.border.bottom.0	Float	f32	
variant	bevy_ui::ui_node::Node	border.bottom	VMax		.border.bottom.0	Float	f32	
field	bevy_ui::ui_node::Node	border_radius.top_left	.border_radius.top_left	Enum	Val	Auto,Px,Percent,Vw,Vh,VMin,VMax
variant	bevy_ui::ui_node::Node	border_radius.top_left	Px		.border_radius.top_left.0	Float	f32	
variant	bevy_ui::ui_node::Node	border_radius.top_left	Percent		.border_radius.top_left.0	Float	f32	
variant	bevy_ui::ui_node::Node	border_radius.top_left	Vw		.border_radius.top_left.0	Float	f32	
variant	bevy_ui::ui_node::Node	border_radius.top_left	Vh		.border_radius.top_left.0	Float	f32	
variant	bevy_ui::ui_node::Node	border_radius.top_left	VMin		.border_radius.top_left.0	Float	f32	
variant	bevy_ui::ui_node::Node	border_radius.top_left	VMax		.border_radius.top_left.0	Float	f32	
field	bevy_ui::ui_node::Node	border_radius.top_right	.border_radius.top_right	Enum	Val	Auto,Px,Percent,Vw,Vh,VMin,VMax
variant	bevy_ui::ui_node::Node	border_radius.top_right	Px		.border_radius.top_right.0	Float	f32	
variant	bevy_ui::ui_node::Node	border_radius.top_right	Percent		.border_radius.top_right.0	Float	f32	
variant	bevy_ui::ui_node::Node	border_radius.top_right	Vw		.border_radius.top_right.0	Float	f32	
variant	bevy_ui::ui_node::Node	border_radius.top_right	Vh		.border_radius.top_right.0	Float	f32	
variant	bevy_ui::ui_node::Node	border_radius.top_right	VMin		.border_radius.top_right.0	Float	f32	
variant	bevy_ui::ui_node::Node	border_radius.top_right	VMax		.border_radius.top_right.0	Float	f32	
field	bevy_ui::ui_node::Node	border_radius.bottom_right	.border_radius.bottom_right	Enum	Val	Auto,Px,Percent,Vw,Vh,VMin,VMax
variant	bevy_ui::ui_node::Node	border_radius.bottom_right	Px		.border_radius.bottom_right.0	Float	f32	
variant	bevy_ui::ui_node::Node	border_radius.bottom_right	Percent		.border_radius.bottom_right.0	Float	f32	
variant	bevy_ui::ui_node::Node	border_radius.bottom_right	Vw		.border_radius.bottom_right.0	Float	f32	
variant	bevy_ui::ui_node::Node	border_radius.bottom_right	Vh		.border_radius.bottom_right.0	Float	f32	
variant	bevy_ui::ui_node::Node	border_radius.bottom_right	VMin		.border_radius.bottom_right.0	Float	f32	
variant	bevy_ui::ui_node::Node	border_radius.bottom_right	VMax		.border_radius.bottom_right.0	Float	f32	
field	bevy_ui::ui_node::Node	border_radius.bottom_left	.border_radius.bottom_left	Enum	Val	Auto,Px,Percent,Vw,Vh,VMin,VMax
variant	bevy_ui::ui_node::Node	border_radius.bottom_left	Px		.border_radius.bottom_left.0	Float	f32	
variant	bevy_ui::ui_node::Node	border_radius.bottom_left	Percent		.border_radius.bottom_left.0	Float	f32	
variant	bevy_ui::ui_node::Node	border_radius.bottom_left	Vw		.border_radius.bottom_left.0	Float	f32	
variant	bevy_ui::ui_node::Node	border_radius.bottom_left	Vh		.border_radius.bottom_left.0	Float	f32	
variant	bevy_ui::ui_node::Node	border_radius.bottom_left	VMin		.border_radius.bottom_left.0	Float	f32	
variant	bevy_ui::ui_node::Node	border_radius.bottom_left	VMax		.border_radius.bottom_left.0	Float	f32	
field	bevy_ui::ui_node::Node	flex_direction	.flex_direction	Enum	FlexDirection	Row,Column,RowReverse,ColumnReverse
field	bevy_ui::ui_node::Node	flex_wrap	.flex_wrap	Enum	FlexWrap	NoWrap,Wrap,WrapReverse
field	bevy_ui::ui_node::Node	flex_grow	.flex_grow	Float	f32	
field	bevy_ui::ui_node::Node	flex_shrink	.flex_shrink	Float	f32	
field	bevy_ui::ui_node::Node	flex_basis	.flex_basis	Enum	Val	Auto,Px,Percent,Vw,Vh,VMin,VMax
variant	bevy_ui::ui_node::Node	flex_basis	Px		.flex_basis.0	Float	f32	
variant	bevy_ui::ui_node::Node	flex_basis	Percent		.flex_basis.0	Float	f32	
variant	bevy_ui::ui_node::Node	flex_basis	Vw		.flex_basis.0	Float	f32	
variant	bevy_ui::ui_node::Node	flex_basis	Vh		.flex_basis.0	Float	f32	
variant	bevy_ui::ui_node::Node	flex_basis	VMin		.flex_basis.0	Float	f32	
variant	bevy_ui::ui_node::Node	flex_basis	VMax		.flex_basis.0	Float	f32	
field	bevy_ui::ui_node::Node	row_gap	.row_gap	Enum	Val	Auto,Px,Percent,Vw,Vh,VMin,VMax
variant	bevy_ui::ui_node::Node	row_gap	Px		.row_gap.0	Float	f32	
variant	bevy_ui::ui_node::Node	row_gap	Percent		.row_gap.0	Float	f32	
variant	bevy_ui::ui_node::Node	row_gap	Vw		.row_gap.0	Float	f32	
variant	bevy_ui::ui_node::Node	row_gap	Vh		.row_gap.0	Float	f32	
variant	bevy_ui::ui_node::Node	row_gap	VMin		.row_gap.0	Float	f32	
variant	bevy_ui::ui_node::Node	row_gap	VMax		.row_gap.0	Float	f32	
field	bevy_ui::ui_node::Node	column_gap	.column_gap	Enum	Val	Auto,Px,Percent,Vw,Vh,VMin,VMax
variant	bevy_ui::ui_node::Node	column_gap	Px		.column_gap.0	Float	f32	
variant	bevy_ui::ui_node::Node	column_gap	Percent		.column_gap.0	Float	f32	
variant	bevy_ui::ui_node::Node	column_gap	Vw		.column_gap.0	Float	f32	
variant	bevy_ui::ui_node::Node	column_gap	Vh		.column_gap.0	Float	f32	
variant	bevy_ui::ui_node::Node	column_gap	VMin		.column_gap.0	Float	f32	
variant	bevy_ui::ui_node::Node	column_gap	VMax		.column_gap.0	Float	f32	
field	bevy_ui::ui_node::Node	grid_auto_flow	.grid_auto_flow	Enum	GridAutoFlow	Row,Column,RowDense,ColumnDense
field	bevy_ui::ui_node::Node	grid_row.start	.grid_row.start	Enum	Option<NonZeroI16>	None,Some
field	bevy_ui::ui_node::Node	grid_row.span	.grid_row.span	Enum	Option<NonZeroU16>	None,Some
field	bevy_ui::ui_node::Node	grid_row.end	.grid_row.end	Enum	Option<NonZeroI16>	None,Some
field	bevy_ui::ui_node::Node	grid_column.start	.grid_column.start	Enum	Option<NonZeroI16>	None,Some
field	bevy_ui::ui_node::Node	grid_column.span	.grid_column.span	Enum	Option<NonZeroU16>	None,Some
field	bevy_ui::ui_node::Node	grid_column.end	.grid_column.end	Enum	Option<NonZeroI16>	None,Some
component	bevy_ui::ui_node::OuterColor	OuterColor
field	bevy_ui::ui_node::OuterColor	0	.0	Color	Color	
component	bevy_ui::ui_node::Outline	Outline
field	bevy_ui::ui_node::Outline	width	.width	Enum	Val	Auto,Px,Percent,Vw,Vh,VMin,VMax
variant	bevy_ui::ui_node::Outline	width	Px		.width.0	Float	f32	
variant	bevy_ui::ui_node::Outline	width	Percent		.width.0	Float	f32	
variant	bevy_ui::ui_node::Outline	width	Vw		.width.0	Float	f32	
variant	bevy_ui::ui_node::Outline	width	Vh		.width.0	Float	f32	
variant	bevy_ui::ui_node::Outline	width	VMin		.width.0	Float	f32	
variant	bevy_ui::ui_node::Outline	width	VMax		.width.0	Float	f32	
field	bevy_ui::ui_node::Outline	offset	.offset	Enum	Val	Auto,Px,Percent,Vw,Vh,VMin,VMax
variant	bevy_ui::ui_node::Outline	offset	Px		.offset.0	Float	f32	
variant	bevy_ui::ui_node::Outline	offset	Percent		.offset.0	Float	f32	
variant	bevy_ui::ui_node::Outline	offset	Vw		.offset.0	Float	f32	
variant	bevy_ui::ui_node::Outline	offset	Vh		.offset.0	Float	f32	
variant	bevy_ui::ui_node::Outline	offset	VMin		.offset.0	Float	f32	
variant	bevy_ui::ui_node::Outline	offset	VMax		.offset.0	Float	f32	
field	bevy_ui::ui_node::Outline	color	.color	Color	Color	
component	bevy_ui::ui_node::OverrideClip	OverrideClip
component	bevy_ui::ui_node::ScrollPosition	ScrollPosition
field	bevy_ui::ui_node::ScrollPosition	0	.0	Vec2	glam::Vec2	
component	bevy_ui::ui_node::UiTargetCamera	UiTargetCamera
field	bevy_ui::ui_node::UiTargetCamera	0	.0	Entity	bevy_ecs::entity::Entity	
component	bevy_ui::ui_node::ZIndex	ZIndex
field	bevy_ui::ui_node::ZIndex	0	.0	Int	i32	
component	bevy_ui::ui_transform::UiGlobalTransform	UiGlobalTransform
field	bevy_ui::ui_transform::UiGlobalTransform	0.matrix2.x_axis	.0.matrix2.x_axis	Vec2	glam::Vec2	
field	bevy_ui::ui_transform::UiGlobalTransform	0.matrix2.y_axis	.0.matrix2.y_axis	Vec2	glam::Vec2	
field	bevy_ui::ui_transform::UiGlobalTransform	0.translation	.0.translation	Vec2	glam::Vec2	
component	bevy_ui::ui_transform::UiTransform	UiTransform
field	bevy_ui::ui_transform::UiTransform	translation.x	.translation.x	Enum	Val	Auto,Px,Percent,Vw,Vh,VMin,VMax
variant	bevy_ui::ui_transform::UiTransform	translation.x	Px		.translation.x.0	Float	f32	
variant	bevy_ui::ui_transform::UiTransform	translation.x	Percent		.translation.x.0	Float	f32	
variant	bevy_ui::ui_transform::UiTransform	translation.x	Vw		.translation.x.0	Float	f32	
variant	bevy_ui::ui_transform::UiTransform	translation.x	Vh		.translation.x.0	Float	f32	
variant	bevy_ui::ui_transform::UiTransform	translation.x	VMin		.translation.x.0	Float	f32	
variant	bevy_ui::ui_transform::UiTransform	translation.x	VMax		.translation.x.0	Float	f32	
field	bevy_ui::ui_transform::UiTransform	translation.y	.translation.y	Enum	Val	Auto,Px,Percent,Vw,Vh,VMin,VMax
variant	bevy_ui::ui_transform::UiTransform	translation.y	Px		.translation.y.0	Float	f32	
variant	bevy_ui::ui_transform::UiTransform	translation.y	Percent		.translation.y.0	Float	f32	
variant	bevy_ui::ui_transform::UiTransform	translation.y	Vw		.translation.y.0	Float	f32	
variant	bevy_ui::ui_transform::UiTransform	translation.y	Vh		.translation.y.0	Float	f32	
variant	bevy_ui::ui_transform::UiTransform	translation.y	VMin		.translation.y.0	Float	f32	
variant	bevy_ui::ui_transform::UiTransform	translation.y	VMax		.translation.y.0	Float	f32	
field	bevy_ui::ui_transform::UiTransform	scale	.scale	Vec2	glam::Vec2	
field	bevy_ui::ui_transform::UiTransform	rotation.cos	.rotation.cos	Float	f32	
field	bevy_ui::ui_transform::UiTransform	rotation.sin	.rotation.sin	Float	f32	
component	bevy_ui::widget::button::Button	bevy_ui::widget::button::Button
component	bevy_ui::widget::image::ImageNode	ImageNode
field	bevy_ui::widget::image::ImageNode	color	.color	Color	Color	
field	bevy_ui::widget::image::ImageNode	image	.image	Asset	Handle<Image>	Image
field	bevy_ui::widget::image::ImageNode	texture_atlas	.texture_atlas	Enum	Option<TextureAtlas>	None,Some
variant	bevy_ui::widget::image::ImageNode	texture_atlas	Some	index	.texture_atlas.0.index	Int	usize	
field	bevy_ui::widget::image::ImageNode	flip_x	.flip_x	Bool	bool	
field	bevy_ui::widget::image::ImageNode	flip_y	.flip_y	Bool	bool	
field	bevy_ui::widget::image::ImageNode	rect	.rect	Enum	Option<Rect>	None,Some
variant	bevy_ui::widget::image::ImageNode	rect	Some	min	.rect.0.min	Vec2	glam::Vec2	
variant	bevy_ui::widget::image::ImageNode	rect	Some	max	.rect.0.max	Vec2	glam::Vec2	
field	bevy_ui::widget::image::ImageNode	image_mode	.image_mode	Enum	NodeImageMode	Auto,Stretch,Sliced,Tiled
variant	bevy_ui::widget::image::ImageNode	image_mode	Sliced	border.min_inset	.image_mode.0.border.min_inset	Vec2	glam::Vec2	
variant	bevy_ui::widget::image::ImageNode	image_mode	Sliced	border.max_inset	.image_mode.0.border.max_inset	Vec2	glam::Vec2	
variant	bevy_ui::widget::image::ImageNode	image_mode	Sliced	center_scale_mode	.image_mode.0.center_scale_mode	Enum	SliceScaleMode	Stretch,Tile
variant	bevy_ui::widget::image::ImageNode	image_mode	Sliced	sides_scale_mode	.image_mode.0.sides_scale_mode	Enum	SliceScaleMode	Stretch,Tile
variant	bevy_ui::widget::image::ImageNode	image_mode	Sliced	max_corner_scale	.image_mode.0.max_corner_scale	Float	f32	
variant	bevy_ui::widget::image::ImageNode	image_mode	Tiled	tile_x	.image_mode.tile_x	Bool	bool	
variant	bevy_ui::widget::image::ImageNode	image_mode	Tiled	tile_y	.image_mode.tile_y	Bool	bool	
variant	bevy_ui::widget::image::ImageNode	image_mode	Tiled	stretch_value	.image_mode.stretch_value	Float	f32	
field	bevy_ui::widget::image::ImageNode	visual_box	.visual_box	Enum	VisualBox	ContentBox,PaddingBox,BorderBox
component	bevy_ui::widget::image::ImageNodeSize	ImageNodeSize
field	bevy_ui::widget::image::ImageNodeSize	size.x	.size.x	Int	u32	
field	bevy_ui::widget::image::ImageNodeSize	size.y	.size.y	Int	u32	
component	bevy_ui::widget::label::Label	Label
component	bevy_ui::widget::text::Text	Text
field	bevy_ui::widget::text::Text	0	.0	String	alloc::string::String	
component	bevy_ui::widget::text::TextNodeFlags	TextNodeFlags
field	bevy_ui::widget::text::TextNodeFlags	needs_measure_fn	.needs_measure_fn	Bool	bool	
field	bevy_ui::widget::text::TextNodeFlags	needs_recompute	.needs_recompute	Bool	bool	
component	bevy_ui::widget::text::TextShadow	TextShadow
field	bevy_ui::widget::text::TextShadow	offset	.offset	Vec2	glam::Vec2	
field	bevy_ui::widget::text::TextShadow	color	.color	Color	Color	
component	bevy_ui::widget::text_input_layout::TextScroll	TextScroll
field	bevy_ui::widget::text_input_layout::TextScroll	0	.0	Vec2	glam::Vec2	
component	bevy_ui::widget::viewport::ViewportNode	ViewportNode
field	bevy_ui::widget::viewport::ViewportNode	camera	.camera	Enum	Option<Entity>	None,Some
variant	bevy_ui::widget::viewport::ViewportNode	camera	Some		.camera.0	Entity	bevy_ecs::entity::Entity	
component	bevy_ui_render::BoxShadowSamples	BoxShadowSamples
field	bevy_ui_render::BoxShadowSamples	0	.0	Int	u32	
component	bevy_ui_render::UiAntiAlias	UiAntiAlias
field	bevy_ui_render::UiAntiAlias	value		Enum	UiAntiAlias	On,Off
component	bevy_ui_render::debug_overlay::GlobalUiDebugOptions	GlobalUiDebugOptions
field	bevy_ui_render::debug_overlay::GlobalUiDebugOptions	enabled	.enabled	Bool	bool	
field	bevy_ui_render::debug_overlay::GlobalUiDebugOptions	outline_border_box	.outline_border_box	Bool	bool	
field	bevy_ui_render::debug_overlay::GlobalUiDebugOptions	outline_padding_box	.outline_padding_box	Bool	bool	
field	bevy_ui_render::debug_overlay::GlobalUiDebugOptions	outline_content_box	.outline_content_box	Bool	bool	
field	bevy_ui_render::debug_overlay::GlobalUiDebugOptions	outline_scrollbars	.outline_scrollbars	Bool	bool	
field	bevy_ui_render::debug_overlay::GlobalUiDebugOptions	line_width	.line_width	Float	f32	
field	bevy_ui_render::debug_overlay::GlobalUiDebugOptions	line_color_override	.line_color_override	Enum	Option<LinearRgba>	None,Some
variant	bevy_ui_render::debug_overlay::GlobalUiDebugOptions	line_color_override	Some	red	.line_color_override.0.red	Float	f32	
variant	bevy_ui_render::debug_overlay::GlobalUiDebugOptions	line_color_override	Some	green	.line_color_override.0.green	Float	f32	
variant	bevy_ui_render::debug_overlay::GlobalUiDebugOptions	line_color_override	Some	blue	.line_color_override.0.blue	Float	f32	
variant	bevy_ui_render::debug_overlay::GlobalUiDebugOptions	line_color_override	Some	alpha	.line_color_override.0.alpha	Float	f32	
field	bevy_ui_render::debug_overlay::GlobalUiDebugOptions	show_hidden	.show_hidden	Bool	bool	
field	bevy_ui_render::debug_overlay::GlobalUiDebugOptions	show_clipped	.show_clipped	Bool	bool	
field	bevy_ui_render::debug_overlay::GlobalUiDebugOptions	ignore_border_radius	.ignore_border_radius	Bool	bool	
component	bevy_ui_render::debug_overlay::UiDebugOptions	UiDebugOptions
field	bevy_ui_render::debug_overlay::UiDebugOptions	enabled	.enabled	Bool	bool	
field	bevy_ui_render::debug_overlay::UiDebugOptions	outline_border_box	.outline_border_box	Bool	bool	
field	bevy_ui_render::debug_overlay::UiDebugOptions	outline_padding_box	.outline_padding_box	Bool	bool	
field	bevy_ui_render::debug_overlay::UiDebugOptions	outline_content_box	.outline_content_box	Bool	bool	
field	bevy_ui_render::debug_overlay::UiDebugOptions	outline_scrollbars	.outline_scrollbars	Bool	bool	
field	bevy_ui_render::debug_overlay::UiDebugOptions	line_width	.line_width	Float	f32	
field	bevy_ui_render::debug_overlay::UiDebugOptions	line_color_override	.line_color_override	Enum	Option<LinearRgba>	None,Some
variant	bevy_ui_render::debug_overlay::UiDebugOptions	line_color_override	Some	red	.line_color_override.0.red	Float	f32	
variant	bevy_ui_render::debug_overlay::UiDebugOptions	line_color_override	Some	green	.line_color_override.0.green	Float	f32	
variant	bevy_ui_render::debug_overlay::UiDebugOptions	line_color_override	Some	blue	.line_color_override.0.blue	Float	f32	
variant	bevy_ui_render::debug_overlay::UiDebugOptions	line_color_override	Some	alpha	.line_color_override.0.alpha	Float	f32	
field	bevy_ui_render::debug_overlay::UiDebugOptions	show_hidden	.show_hidden	Bool	bool	
field	bevy_ui_render::debug_overlay::UiDebugOptions	show_clipped	.show_clipped	Bool	bool	
field	bevy_ui_render::debug_overlay::UiDebugOptions	ignore_border_radius	.ignore_border_radius	Bool	bool	
component	bevy_ui_widgets::button::ActivateOnPress	ActivateOnPress
component	bevy_ui_widgets::button::Button	bevy_ui_widgets::button::Button
component	bevy_ui_widgets::checkbox::Checkbox	Checkbox
component	bevy_ui_widgets::list::ActiveDescendant	ActiveDescendant
field	bevy_ui_widgets::list::ActiveDescendant	0	.0	Enum	Option<Entity>	None,Some
variant	bevy_ui_widgets::list::ActiveDescendant	0	Some		.0.0	Entity	bevy_ecs::entity::Entity	
component	bevy_ui_widgets::list::ListItem	ListItem
component	bevy_ui_widgets::menu::MenuButton	MenuButton
component	bevy_ui_widgets::menu::MenuFocusState	MenuFocusState
field	bevy_ui_widgets::menu::MenuFocusState	value		Enum	MenuFocusState	Opening,Open,Closed
variant	bevy_ui_widgets::menu::MenuFocusState	value	Opening		.0	Enum	NavAction	Next,Previous,First,Last
component	bevy_ui_widgets::menu::MenuItem	MenuItem
component	bevy_ui_widgets::menu::MenuPopup	MenuPopup
field	bevy_ui_widgets::menu::MenuPopup	layout	.layout	Enum	MenuLayout	Column,Row,Grid
component	bevy_ui_widgets::popover::Popover	Popover
field	bevy_ui_widgets::popover::Popover	window_margin	.window_margin	Float	f32	
component	bevy_ui_widgets::radio::RadioButton	RadioButton
component	bevy_ui_widgets::radio::RadioGroup	RadioGroup
component	bevy_ui_widgets::scrollarea::ScrollArea	ScrollArea
component	bevy_ui_widgets::scrollbar::Scrollbar	Scrollbar
field	bevy_ui_widgets::scrollbar::Scrollbar	target	.target	Entity	bevy_ecs::entity::Entity	
field	bevy_ui_widgets::scrollbar::Scrollbar	orientation	.orientation	Enum	ControlOrientation	Horizontal,Vertical
field	bevy_ui_widgets::scrollbar::Scrollbar	min_thumb_length	.min_thumb_length	Float	f32	
component	bevy_ui_widgets::scrollbar::ScrollbarDragState	ScrollbarDragState
field	bevy_ui_widgets::scrollbar::ScrollbarDragState	dragging	.dragging	Bool	bool	
field	bevy_ui_widgets::scrollbar::ScrollbarDragState	drag_origin	.drag_origin	Float	f32	
component	bevy_ui_widgets::scrollbar::ScrollbarThumb	ScrollbarThumb
field	bevy_ui_widgets::scrollbar::ScrollbarThumb	border_radius.top_left	.border_radius.top_left	Enum	Val	Auto,Px,Percent,Vw,Vh,VMin,VMax
variant	bevy_ui_widgets::scrollbar::ScrollbarThumb	border_radius.top_left	Px		.border_radius.top_left.0	Float	f32	
variant	bevy_ui_widgets::scrollbar::ScrollbarThumb	border_radius.top_left	Percent		.border_radius.top_left.0	Float	f32	
variant	bevy_ui_widgets::scrollbar::ScrollbarThumb	border_radius.top_left	Vw		.border_radius.top_left.0	Float	f32	
variant	bevy_ui_widgets::scrollbar::ScrollbarThumb	border_radius.top_left	Vh		.border_radius.top_left.0	Float	f32	
variant	bevy_ui_widgets::scrollbar::ScrollbarThumb	border_radius.top_left	VMin		.border_radius.top_left.0	Float	f32	
variant	bevy_ui_widgets::scrollbar::ScrollbarThumb	border_radius.top_left	VMax		.border_radius.top_left.0	Float	f32	
field	bevy_ui_widgets::scrollbar::ScrollbarThumb	border_radius.top_right	.border_radius.top_right	Enum	Val	Auto,Px,Percent,Vw,Vh,VMin,VMax
variant	bevy_ui_widgets::scrollbar::ScrollbarThumb	border_radius.top_right	Px		.border_radius.top_right.0	Float	f32	
variant	bevy_ui_widgets::scrollbar::ScrollbarThumb	border_radius.top_right	Percent		.border_radius.top_right.0	Float	f32	
variant	bevy_ui_widgets::scrollbar::ScrollbarThumb	border_radius.top_right	Vw		.border_radius.top_right.0	Float	f32	
variant	bevy_ui_widgets::scrollbar::ScrollbarThumb	border_radius.top_right	Vh		.border_radius.top_right.0	Float	f32	
variant	bevy_ui_widgets::scrollbar::ScrollbarThumb	border_radius.top_right	VMin		.border_radius.top_right.0	Float	f32	
variant	bevy_ui_widgets::scrollbar::ScrollbarThumb	border_radius.top_right	VMax		.border_radius.top_right.0	Float	f32	
field	bevy_ui_widgets::scrollbar::ScrollbarThumb	border_radius.bottom_right	.border_radius.bottom_right	Enum	Val	Auto,Px,Percent,Vw,Vh,VMin,VMax
variant	bevy_ui_widgets::scrollbar::ScrollbarThumb	border_radius.bottom_right	Px		.border_radius.bottom_right.0	Float	f32	
variant	bevy_ui_widgets::scrollbar::ScrollbarThumb	border_radius.bottom_right	Percent		.border_radius.bottom_right.0	Float	f32	
variant	bevy_ui_widgets::scrollbar::ScrollbarThumb	border_radius.bottom_right	Vw		.border_radius.bottom_right.0	Float	f32	
variant	bevy_ui_widgets::scrollbar::ScrollbarThumb	border_radius.bottom_right	Vh		.border_radius.bottom_right.0	Float	f32	
variant	bevy_ui_widgets::scrollbar::ScrollbarThumb	border_radius.bottom_right	VMin		.border_radius.bottom_right.0	Float	f32	
variant	bevy_ui_widgets::scrollbar::ScrollbarThumb	border_radius.bottom_right	VMax		.border_radius.bottom_right.0	Float	f32	
field	bevy_ui_widgets::scrollbar::ScrollbarThumb	border_radius.bottom_left	.border_radius.bottom_left	Enum	Val	Auto,Px,Percent,Vw,Vh,VMin,VMax
variant	bevy_ui_widgets::scrollbar::ScrollbarThumb	border_radius.bottom_left	Px		.border_radius.bottom_left.0	Float	f32	
variant	bevy_ui_widgets::scrollbar::ScrollbarThumb	border_radius.bottom_left	Percent		.border_radius.bottom_left.0	Float	f32	
variant	bevy_ui_widgets::scrollbar::ScrollbarThumb	border_radius.bottom_left	Vw		.border_radius.bottom_left.0	Float	f32	
variant	bevy_ui_widgets::scrollbar::ScrollbarThumb	border_radius.bottom_left	Vh		.border_radius.bottom_left.0	Float	f32	
variant	bevy_ui_widgets::scrollbar::ScrollbarThumb	border_radius.bottom_left	VMin		.border_radius.bottom_left.0	Float	f32	
variant	bevy_ui_widgets::scrollbar::ScrollbarThumb	border_radius.bottom_left	VMax		.border_radius.bottom_left.0	Float	f32	
field	bevy_ui_widgets::scrollbar::ScrollbarThumb	border.left	.border.left	Enum	Val	Auto,Px,Percent,Vw,Vh,VMin,VMax
variant	bevy_ui_widgets::scrollbar::ScrollbarThumb	border.left	Px		.border.left.0	Float	f32	
variant	bevy_ui_widgets::scrollbar::ScrollbarThumb	border.left	Percent		.border.left.0	Float	f32	
variant	bevy_ui_widgets::scrollbar::ScrollbarThumb	border.left	Vw		.border.left.0	Float	f32	
variant	bevy_ui_widgets::scrollbar::ScrollbarThumb	border.left	Vh		.border.left.0	Float	f32	
variant	bevy_ui_widgets::scrollbar::ScrollbarThumb	border.left	VMin		.border.left.0	Float	f32	
variant	bevy_ui_widgets::scrollbar::ScrollbarThumb	border.left	VMax		.border.left.0	Float	f32	
field	bevy_ui_widgets::scrollbar::ScrollbarThumb	border.right	.border.right	Enum	Val	Auto,Px,Percent,Vw,Vh,VMin,VMax
variant	bevy_ui_widgets::scrollbar::ScrollbarThumb	border.right	Px		.border.right.0	Float	f32	
variant	bevy_ui_widgets::scrollbar::ScrollbarThumb	border.right	Percent		.border.right.0	Float	f32	
variant	bevy_ui_widgets::scrollbar::ScrollbarThumb	border.right	Vw		.border.right.0	Float	f32	
variant	bevy_ui_widgets::scrollbar::ScrollbarThumb	border.right	Vh		.border.right.0	Float	f32	
variant	bevy_ui_widgets::scrollbar::ScrollbarThumb	border.right	VMin		.border.right.0	Float	f32	
variant	bevy_ui_widgets::scrollbar::ScrollbarThumb	border.right	VMax		.border.right.0	Float	f32	
field	bevy_ui_widgets::scrollbar::ScrollbarThumb	border.top	.border.top	Enum	Val	Auto,Px,Percent,Vw,Vh,VMin,VMax
variant	bevy_ui_widgets::scrollbar::ScrollbarThumb	border.top	Px		.border.top.0	Float	f32	
variant	bevy_ui_widgets::scrollbar::ScrollbarThumb	border.top	Percent		.border.top.0	Float	f32	
variant	bevy_ui_widgets::scrollbar::ScrollbarThumb	border.top	Vw		.border.top.0	Float	f32	
variant	bevy_ui_widgets::scrollbar::ScrollbarThumb	border.top	Vh		.border.top.0	Float	f32	
variant	bevy_ui_widgets::scrollbar::ScrollbarThumb	border.top	VMin		.border.top.0	Float	f32	
variant	bevy_ui_widgets::scrollbar::ScrollbarThumb	border.top	VMax		.border.top.0	Float	f32	
field	bevy_ui_widgets::scrollbar::ScrollbarThumb	border.bottom	.border.bottom	Enum	Val	Auto,Px,Percent,Vw,Vh,VMin,VMax
variant	bevy_ui_widgets::scrollbar::ScrollbarThumb	border.bottom	Px		.border.bottom.0	Float	f32	
variant	bevy_ui_widgets::scrollbar::ScrollbarThumb	border.bottom	Percent		.border.bottom.0	Float	f32	
variant	bevy_ui_widgets::scrollbar::ScrollbarThumb	border.bottom	Vw		.border.bottom.0	Float	f32	
variant	bevy_ui_widgets::scrollbar::ScrollbarThumb	border.bottom	Vh		.border.bottom.0	Float	f32	
variant	bevy_ui_widgets::scrollbar::ScrollbarThumb	border.bottom	VMin		.border.bottom.0	Float	f32	
variant	bevy_ui_widgets::scrollbar::ScrollbarThumb	border.bottom	VMax		.border.bottom.0	Float	f32	
component	bevy_ui_widgets::slider::Slider	Slider
field	bevy_ui_widgets::slider::Slider	track_click	.track_click	Enum	TrackClick	Drag,Step,Snap
field	bevy_ui_widgets::slider::Slider	orientation	.orientation	Enum	SliderOrientation	Auto,Horizontal,Vertical
component	bevy_ui_widgets::slider::SliderDragState	SliderDragState
field	bevy_ui_widgets::slider::SliderDragState	dragging	.dragging	Bool	bool	
field	bevy_ui_widgets::slider::SliderDragState	offset	.offset	Float	f32	
component	bevy_ui_widgets::slider::SliderPrecision	SliderPrecision
field	bevy_ui_widgets::slider::SliderPrecision	0	.0	Int	i32	
component	bevy_ui_widgets::slider::SliderRange	SliderRange
field	bevy_ui_widgets::slider::SliderRange	start	.start	Float	f32	
field	bevy_ui_widgets::slider::SliderRange	end	.end	Float	f32	
component	bevy_ui_widgets::slider::SliderStep	SliderStep
field	bevy_ui_widgets::slider::SliderStep	0	.0	Float	f32	
component	bevy_ui_widgets::slider::SliderThumb	SliderThumb
component	bevy_ui_widgets::slider::SliderValue	SliderValue
field	bevy_ui_widgets::slider::SliderValue	0	.0	Float	f32	
component	bevy_ui_widgets::text_input::QueuedSelectAll	QueuedSelectAll
field	bevy_ui_widgets::text_input::QueuedSelectAll	0	.0	Enum	Option<Entity>	None,Some
variant	bevy_ui_widgets::text_input::QueuedSelectAll	0	Some		.0.0	Entity	bevy_ecs::entity::Entity	
component	bevy_ui_widgets::text_input::SelectAllOnFocus	SelectAllOnFocus
component	bevy_window::cursor::CursorIcon	CursorIcon
field	bevy_window::cursor::CursorIcon	value		Enum	CursorIcon	System
variant	bevy_window::cursor::CursorIcon	value	System		.0	Enum	SystemCursorIcon	Default,ContextMenu,Help,Pointer,Progress,Wait,Cell,Crosshair,Text,VerticalText,Alias,Copy,Move,NoDrop,NotAllowed,Grab,Grabbing,EResize,NResize,NeResize,NwResize,SResize,SeResize,SwResize,WResize,EwResize,NsResize,NeswResize,NwseResize,ColResize,RowResize,AllScroll,ZoomIn,ZoomOut
component	bevy_window::monitor::Monitor	Monitor
field	bevy_window::monitor::Monitor	name	.name	Enum	Option<String>	None,Some
variant	bevy_window::monitor::Monitor	name	Some		.name.0	String	alloc::string::String	
field	bevy_window::monitor::Monitor	physical_height	.physical_height	Int	u32	
field	bevy_window::monitor::Monitor	physical_width	.physical_width	Int	u32	
field	bevy_window::monitor::Monitor	physical_position.x	.physical_position.x	Int	i32	
field	bevy_window::monitor::Monitor	physical_position.y	.physical_position.y	Int	i32	
field	bevy_window::monitor::Monitor	refresh_rate_millihertz	.refresh_rate_millihertz	Enum	Option<u32>	None,Some
variant	bevy_window::monitor::Monitor	refresh_rate_millihertz	Some		.refresh_rate_millihertz.0	Int	u32	
field	bevy_window::monitor::Monitor	scale_factor	.scale_factor	Double	f64	
component	bevy_window::monitor::PrimaryMonitor	PrimaryMonitor
component	bevy_window::window::CursorOptions	CursorOptions
field	bevy_window::window::CursorOptions	visible	.visible	Bool	bool	
field	bevy_window::window::CursorOptions	grab_mode	.grab_mode	Enum	CursorGrabMode	None,Confined,Locked
field	bevy_window::window::CursorOptions	hit_test	.hit_test	Bool	bool	
component	bevy_window::window::PrimaryWindow	PrimaryWindow
component	bevy_window::window::Window	Window
field	bevy_window::window::Window	present_mode	.present_mode	Enum	PresentMode	AutoVsync,AutoNoVsync,Fifo,FifoRelaxed,Immediate,Mailbox
field	bevy_window::window::Window	mode	.mode	Enum	WindowMode	Windowed,BorderlessFullscreen,Fullscreen
variant	bevy_window::window::Window	mode	BorderlessFullscreen		.mode.0	Enum	MonitorSelection	Current,Primary,Index,Entity
variant	bevy_window::window::Window	mode	Fullscreen	0	.mode.0	Enum	MonitorSelection	Current,Primary,Index,Entity
variant	bevy_window::window::Window	mode	Fullscreen	1	.mode.1	Enum	VideoModeSelection	Current,Specific
field	bevy_window::window::Window	position	.position	Enum	WindowPosition	Automatic,Centered,At
variant	bevy_window::window::Window	position	Centered		.position.0	Enum	MonitorSelection	Current,Primary,Index,Entity
variant	bevy_window::window::Window	position	At	x	.position.0.x	Int	i32	
variant	bevy_window::window::Window	position	At	y	.position.0.y	Int	i32	
field	bevy_window::window::Window	resolution.physical_width	.resolution.physical_width	Int	u32	
field	bevy_window::window::Window	resolution.physical_height	.resolution.physical_height	Int	u32	
field	bevy_window::window::Window	resolution.scale_factor_override	.resolution.scale_factor_override	Enum	Option<f32>	None,Some
variant	bevy_window::window::Window	resolution.scale_factor_override	Some		.resolution.scale_factor_override.0	Float	f32	
field	bevy_window::window::Window	resolution.scale_factor	.resolution.scale_factor	Float	f32	
field	bevy_window::window::Window	title	.title	String	alloc::string::String	
field	bevy_window::window::Window	name	.name	Enum	Option<String>	None,Some
variant	bevy_window::window::Window	name	Some		.name.0	String	alloc::string::String	
field	bevy_window::window::Window	composite_alpha_mode	.composite_alpha_mode	Enum	CompositeAlphaMode	Auto,Opaque,PreMultiplied,PostMultiplied,Inherit
field	bevy_window::window::Window	resize_constraints.min_width	.resize_constraints.min_width	Float	f32	
field	bevy_window::window::Window	resize_constraints.min_height	.resize_constraints.min_height	Float	f32	
field	bevy_window::window::Window	resize_constraints.max_width	.resize_constraints.max_width	Float	f32	
field	bevy_window::window::Window	resize_constraints.max_height	.resize_constraints.max_height	Float	f32	
field	bevy_window::window::Window	resizable	.resizable	Bool	bool	
field	bevy_window::window::Window	enabled_buttons.minimize	.enabled_buttons.minimize	Bool	bool	
field	bevy_window::window::Window	enabled_buttons.maximize	.enabled_buttons.maximize	Bool	bool	
field	bevy_window::window::Window	enabled_buttons.close	.enabled_buttons.close	Bool	bool	
field	bevy_window::window::Window	decorations	.decorations	Bool	bool	
field	bevy_window::window::Window	transparent	.transparent	Bool	bool	
field	bevy_window::window::Window	focused	.focused	Bool	bool	
field	bevy_window::window::Window	window_level	.window_level	Enum	WindowLevel	AlwaysOnBottom,Normal,AlwaysOnTop
field	bevy_window::window::Window	canvas	.canvas	Enum	Option<String>	None,Some
variant	bevy_window::window::Window	canvas	Some		.canvas.0	String	alloc::string::String	
field	bevy_window::window::Window	fit_canvas_to_parent	.fit_canvas_to_parent	Bool	bool	
field	bevy_window::window::Window	prevent_default_event_handling	.prevent_default_event_handling	Bool	bool	
field	bevy_window::window::Window	internal.minimize_request	.internal.minimize_request	Enum	Option<bool>	None,Some
variant	bevy_window::window::Window	internal.minimize_request	Some		.internal.minimize_request.0	Bool	bool	
field	bevy_window::window::Window	internal.maximize_request	.internal.maximize_request	Enum	Option<bool>	None,Some
variant	bevy_window::window::Window	internal.maximize_request	Some		.internal.maximize_request.0	Bool	bool	
field	bevy_window::window::Window	internal.drag_move_request	.internal.drag_move_request	Bool	bool	
field	bevy_window::window::Window	internal.drag_resize_request	.internal.drag_resize_request	Enum	Option<CompassOctant>	None,Some
variant	bevy_window::window::Window	internal.drag_resize_request	Some		.internal.drag_resize_request.0	Enum	CompassOctant	North,NorthEast,East,SouthEast,South,SouthWest,West,NorthWest
field	bevy_window::window::Window	internal.physical_cursor_position	.internal.physical_cursor_position	Enum	Option<DVec2>	None,Some
variant	bevy_window::window::Window	internal.physical_cursor_position	Some	x	.internal.physical_cursor_position.0.x	Double	f64	
variant	bevy_window::window::Window	internal.physical_cursor_position	Some	y	.internal.physical_cursor_position.0.y	Double	f64	
field	bevy_window::window::Window	ime_enabled	.ime_enabled	Bool	bool	
field	bevy_window::window::Window	ime_position	.ime_position	Vec2	glam::Vec2	
field	bevy_window::window::Window	window_theme	.window_theme	Enum	Option<WindowTheme>	None,Some
variant	bevy_window::window::Window	window_theme	Some		.window_theme.0	Enum	WindowTheme	Light,Dark
field	bevy_window::window::Window	visible	.visible	Bool	bool	
field	bevy_window::window::Window	skip_taskbar	.skip_taskbar	Bool	bool	
field	bevy_window::window::Window	clip_children	.clip_children	Bool	bool	
field	bevy_window::window::Window	desired_maximum_frame_latency	.desired_maximum_frame_latency	Enum	Option<NonZeroU32>	None,Some
field	bevy_window::window::Window	recognize_pinch_gesture	.recognize_pinch_gesture	Bool	bool	
field	bevy_window::window::Window	recognize_rotation_gesture	.recognize_rotation_gesture	Bool	bool	
field	bevy_window::window::Window	recognize_doubletap_gesture	.recognize_doubletap_gesture	Bool	bool	
field	bevy_window::window::Window	recognize_pan_gesture	.recognize_pan_gesture	Enum	Option<(u8, u8)>	None,Some
field	bevy_window::window::Window	movable_by_window_background	.movable_by_window_background	Bool	bool	
field	bevy_window::window::Window	fullsize_content_view	.fullsize_content_view	Bool	bool	
field	bevy_window::window::Window	has_shadow	.has_shadow	Bool	bool	
field	bevy_window::window::Window	titlebar_shown	.titlebar_shown	Bool	bool	
field	bevy_window::window::Window	titlebar_transparent	.titlebar_transparent	Bool	bool	
field	bevy_window::window::Window	titlebar_show_title	.titlebar_show_title	Bool	bool	
field	bevy_window::window::Window	titlebar_show_buttons	.titlebar_show_buttons	Bool	bool	
field	bevy_window::window::Window	borderless_game	.borderless_game	Bool	bool	
field	bevy_window::window::Window	prefers_home_indicator_hidden	.prefers_home_indicator_hidden	Bool	bool	
field	bevy_window::window::Window	prefers_status_bar_hidden	.prefers_status_bar_hidden	Bool	bool	
field	bevy_window::window::Window	preferred_screen_edges_deferring_system_gestures	.preferred_screen_edges_deferring_system_gestures	Enum	ScreenEdge	None,Top,Left,Bottom,Right,All
component	bevy_world_serialization::components::DynamicWorldRoot	DynamicWorldRoot
component	bevy_world_serialization::components::WorldAssetRoot	WorldAssetRoot
field	bevy_world_serialization::components::WorldAssetRoot	0	.0	Asset	Handle<WorldAsset>	Scene
